a_id,n_events,n_retreat,n_stealth,verified,verified_stealth
41546,15,2,13,-0.019322379851094595,-0.24572122948834327
41731,2,0,2,-0.9412468764347468,-0.9412468764347468
41805,6,1,5,0.07003062614839158,0.22573254301646214
42264,1,0,1,-0.001448922046245471,-0.001448922046245471
42367,7,0,7,0.012842316670580667,0.012842316670580667
42415,1,0,1,0.07484996823403733,0.07484996823403733
42945,9,3,6,0.09488988847338063,0.11398940836965406
42963,4,1,3,-0.16741970368124487,-0.39790396028748654
42965,8,1,7,-0.40146407519710775,-0.5141862887320138
43145,1,0,1,-0.8222116140558069,-0.8222116140558069
43261,11,3,8,0.4448971139551335,0.3291480433727136
43662,1,1,0,0.5308280979400717,
43920,1,0,1,-0.27729757727796445,-0.27729757727796445
43923,1,0,1,1.5703885866644518,1.5703885866644518
44367,5,0,5,0.05144636252959769,0.05144636252959769
44680,1,1,0,-0.17189436158380778,
44737,12,2,10,-0.011655729103183993,0.012128630415619101
44755,5,0,5,-0.12161652802062486,-0.12161652802062486
44764,5,0,5,-0.37277382642481943,-0.37277382642481943
44870,21,5,16,-0.0733965038321614,-0.40525229584497074
44946,1,0,1,-0.1589926919542397,-0.1589926919542397
45598,6,0,6,-0.18746313923130406,-0.18746313923130406
46016,12,0,12,-0.017012015475657578,-0.017012015475657578
46030,1,0,1,-0.2499022183166799,-0.2499022183166799
46093,3,0,3,-0.25745731681582606,-0.25745731681582606
46747,4,0,4,0.4268922265506355,0.4268922265506355
46800,3,0,3,-0.1787154491475141,-0.1787154491475141
46942,1,1,0,3.630623030786703,
46985,12,0,12,-0.15900652087851316,-0.15900652087851316
47116,13,4,9,-0.3629479860000738,-1.0828484911309957
47752,22,2,20,0.020562462825615947,0.025387056810607073
47921,2,0,2,-1.545494899241299,-1.545494899241299
48389,19,3,16,-0.056804966370102156,-0.012697996478882215
48570,2,0,2,-1.9470449187385617,-1.9470449187385617
48832,15,1,14,0.05779527832000191,0.11470902156917838
49403,2,0,2,-0.9572045654912608,-0.9572045654912608
49406,1,0,1,0.5997808291492,0.5997808291492
49463,17,2,15,-1.4357883896127621,-1.7443209323257058
49819,16,1,15,0.0759738869724288,0.04731161904037788
50276,2,0,2,-2.0005530592805547,-2.0005530592805547
50314,12,0,12,0.04880422984563065,0.04880422984563065
50687,10,1,9,-0.13180480982305437,-0.24523138588193344
50975,1,0,1,-0.11060248111040716,-0.11060248111040716
51530,2,0,2,-0.905690011856507,-0.905690011856507
51853,6,0,6,-0.014966029940830758,-0.014966029940830758
51930,2,0,2,-0.22306697204712012,-0.22306697204712012
51934,2,0,2,-0.21545318134930047,-0.21545318134930047
52161,7,1,6,2.2462681214492095,2.6115345628846485
52241,21,3,18,0.00685803119229408,-0.039043806230316586
52275,19,4,15,-0.13738260813656297,-0.3401422913449767
52842,19,1,18,0.0853473046985253,-0.012469520198092221
52917,1,0,1,-0.05612844666946293,-0.05612844666946293
53030,1,0,1,-0.5111464394523679,-0.5111464394523679
53726,2,1,1,0.3222070959992256,0.14339931464276745
53777,1,0,1,-0.18961836859577064,-0.18961836859577064
54308,10,3,7,-0.2464720918101951,-0.7768042559497089
54728,20,1,19,-0.010051100431112514,0.026879129457247967
54730,22,1,21,-0.02921806046536994,-0.08219980340838619
54765,1,0,1,-0.07087883563493413,-0.07087883563493413
55115,3,1,2,0.8574608379191977,0.3417517316803327
55369,6,0,6,0.419078074803249,0.419078074803249
55456,19,3,16,-0.3595319297478378,-0.5903812643182442
55497,4,0,4,0.40050222350210923,0.40050222350210923
55646,9,1,8,0.022414427986309216,0.12079189944275176
55653,2,0,2,-0.7362291578957298,-0.7362291578957298
55820,18,5,13,0.3021417766904662,0.016708529322820513
55827,1,0,1,-0.2470485608792049,-0.2470485608792049
56507,3,0,3,0.28711039621769224,0.28711039621769224
57313,2,0,2,0.3753130162832299,0.3753130162832299
57402,19,0,19,-0.3840014807381041,-0.3840014807381041
57429,49,5,44,0.015182325856634217,-0.07229704457165073
58077,16,4,12,0.06099692636959708,-0.3034080818687889
58231,14,1,13,-0.1745026900521227,-0.29374635130452537
58444,1,0,1,0.5334322594315752,0.5334322594315752
59451,3,1,2,-0.9494098332104883,-1.5609017586354341
59767,1,0,1,0.12943554134256519,0.12943554134256519
61758,1,0,1,-0.6007500577691971,-0.6007500577691971
66572,1,0,1,-0.34803230634539384,-0.34803230634539384
67491,1,1,0,1.026783663200081,
73825,1,0,1,0.22449379478890563,0.22449379478890563
74354,3,0,3,-0.5199990483989024,-0.5199990483989024
76011,3,1,2,-0.3710935918346215,-0.8572729903034014
77331,2,0,2,-0.5566925338002267,-0.5566925338002267
77334,2,0,2,-1.6244490373446385,-1.6244490373446385
77335,3,0,3,-1.3707990099608278,-1.3707990099608278
77835,9,1,8,0.05601892218274698,-0.14541084401421725
78821,1,1,0,0.2620134608264437,
78967,2,0,2,0.518783235794593,0.518783235794593
79043,1,0,1,-0.9054748147097289,-0.9054748147097289
79129,1,0,1,0.0,0.0
79132,2,0,2,-1.1893592835014704,-1.1893592835014704
80281,17,1,16,-0.16443656228089615,-0.20869120976440855
80299,2,0,2,0.10115571955423586,0.10115571955423586
81515,2,1,1,0.5748856229212356,-0.961590250989548
82143,1,1,0,1.7439992861247258,
83070,1,0,1,-0.09115119277424188,-0.09115119277424188
83323,10,1,9,-0.024713841203821963,-0.04176805805156317
83651,37,5,32,0.08278677376518302,-0.02824271806900271
83654,46,7,39,0.03608288727175477,-0.05700837314035974
83905,1,0,1,-0.135624792646583,-0.135624792646583
84551,1,0,1,0.0,0.0
85221,1,0,1,-0.5699196497076948,-0.5699196497076948
85375,49,4,45,0.007499044963849242,-0.05796282568940476
86200,2,0,2,-0.5523672137472726,-0.5523672137472726
86976,6,1,5,-0.31924118791260797,-0.5082419111130196
87194,6,2,4,0.6707727219984495,0.04877769171576973
87582,21,3,18,-0.18891632636507422,-0.2882651824702075
87973,2,0,2,-0.38785976887775053,-0.38785976887775053
88624,1,0,1,-0.6597794540349469,-0.6597794540349469
89301,1,0,1,-0.42970677648262345,-0.42970677648262345
89399,1,0,1,1.0393414373928493,1.0393414373928493
89625,17,2,15,-0.11766903455093823,-0.14656965273883088
89731,1,0,1,-0.10238124761482403,-0.10238124761482403
90420,9,2,7,-0.06322394792059854,-0.005561447861048364
91607,1,0,1,0.25427462121450173,0.25427462121450173
93910,3,0,3,-0.921386183787625,-0.921386183787625
95540,2,0,2,-1.0121150876646823,-1.0121150876646823
95595,1,0,1,-0.3023428902687679,-0.3023428902687679
95620,10,2,8,0.032695007253150755,-0.284516920890296
96054,20,6,14,0.10191018117408664,-0.14523886077878329
97239,15,4,11,0.10587002460800263,-0.09215296909652251
97240,6,1,5,-0.09563316606061771,-0.0342027105904676
98009,1,0,1,1.7630677432901902,1.7630677432901902
98905,14,2,12,-0.09798405977733056,-0.22899172347685423
98928,19,3,16,-0.10391840254037843,-0.1558295847254021
98989,22,4,18,-0.04835007751152621,-0.26007209729404407
99033,11,0,11,-0.3640609365149592,-0.3640609365149592
99034,10,2,8,0.004996545314721812,-0.3593998905116241
99238,5,1,4,0.3240246048818055,0.08919302594610956
100156,2,0,2,-0.07053094059243059,-0.07053094059243059
100575,8,2,6,-0.07827250178872004,-0.16975250876894754
100576,17,6,11,0.07915978949375883,-0.19944045301917016
102398,16,3,13,-0.23649202408936676,-0.43918440138871656
105223,20,5,15,0.0908696473722854,-0.09883277571812607
105842,15,5,10,-0.017567891360217726,-0.08459506613368495
105843,7,2,5,0.10352910584964337,-0.31149485512116754
106069,20,4,16,0.07288284723095932,-0.1837579452439711
106095,13,2,11,-0.07649234534146991,-0.0024053716225117135
106861,2,1,1,-1.263538613751653,-3.0416788261430896
108196,1,0,1,-0.3350914922652741,-0.3350914922652741
108440,2,1,1,-0.2720616784953761,-2.015854923817519
108478,1,0,1,-1.5423122484070892,-1.5423122484070892
109493,2,0,2,-1.1065600808324483,-1.1065600808324483
110225,16,2,14,0.09442923840586187,-0.1025679876514586
111114,2,0,2,-0.6809246524420978,-0.6809246524420978
111768,2,1,1,-0.7774975503182393,-2.6515891208539566
111835,4,0,4,-0.29165428191579634,-0.29165428191579634
113205,1,0,1,-1.462463711244198,-1.462463711244198
113273,2,0,2,-1.4394832687994976,-1.4394832687994976
113300,20,5,15,0.11978242359994487,-0.07565414374933742
116281,17,2,15,0.2271142151621821,0.19824330598174747
116372,23,6,17,0.010591694202150935,-0.16658900367953886
116373,25,8,17,-0.019063225611381338,-0.2629662604327465
118503,23,6,17,-0.05262199782052188,-0.26648259740600766
120176,3,0,3,0.10594552661801233,0.10594552661801233
121759,1,1,0,-2.072029597513861,
123836,1,0,1,0.16879909182011632,0.16879909182011632
124213,21,5,16,-0.15453257686976843,-0.2500934079678374
124744,1,0,1,0.12716936321635441,0.12716936321635441
124956,5,0,5,-0.5526248454304958,-0.5526248454304958
125855,3,0,3,0.36613030189721457,0.36613030189721457
126531,2,0,2,-0.6706921935557449,-0.6706921935557449
127058,4,0,4,-0.9173320800918984,-0.9173320800918984
127201,1,0,1,0.0,0.0
127265,19,5,14,0.10397393819871718,-0.04553460999951201
127317,2,0,2,-0.1702756502851943,-0.1702756502851943
127352,5,1,4,-0.08239642673788641,-0.23859688145430746
127373,2,0,2,-0.6480454992479379,-0.6480454992479379
127376,2,0,2,-0.2510001936994475,-0.2510001936994475
127693,16,3,13,-0.09121453083430536,-0.5128536468926578
128042,1,0,1,0.08960361831682917,0.08960361831682917
130112,2,1,1,-1.420733886506119,-2.8446945415696048
130841,2,0,2,-0.9871664562396995,-0.9871664562396995
131296,1,0,1,-0.36545609654647926,-0.36545609654647926
131401,4,0,4,-0.186469298401704,-0.186469298401704
131406,1,0,1,-0.271249585293166,-0.271249585293166
131550,5,1,4,0.728769342874399,0.8641897126734478
131839,2,0,2,-1.2890335005556826,-1.2890335005556826
132050,18,2,16,-0.18263989721282303,-0.45020346544345924
132055,9,0,9,-0.28450989562796747,-0.28450989562796747
132082,1,0,1,-1.1618104495504933,-1.1618104495504933
132101,10,0,10,-0.16881631978965772,-0.16881631978965772
132522,2,0,2,-0.39969445785275837,-0.39969445785275837
132524,5,0,5,-0.20270736591315558,-0.20270736591315558
132568,3,0,3,-0.19950296863653647,-0.19950296863653647
132701,1,0,1,-1.0347265097132632,-1.0347265097132632
133537,1,0,1,0.09944719382369449,0.09944719382369449
133957,17,1,16,0.20596765783773538,0.16179230452326893
134587,2,0,2,-0.07530167693401368,-0.07530167693401368
134595,1,1,0,0.7444789663061289,
135063,2,0,2,0.27231080554986664,0.27231080554986664
135249,1,0,1,-0.7363748504157797,-0.7363748504157797
135834,13,0,13,0.14851803583263626,0.14851803583263626
136473,1,0,1,-0.6930224554470921,-0.6930224554470921
136756,1,1,0,0.6656688916170945,
136833,6,0,6,-0.4446009544061648,-0.4446009544061648
136835,5,0,5,0.14935051840960606,0.14935051840960606
137321,15,1,14,0.0002551536697087927,0.08868719721024428
137372,2,0,2,-1.0384778159563255,-1.0384778159563255
137806,1,1,0,2.0611423153732886,
138214,18,3,15,0.10415185382520233,0.2756150648288127
138752,3,0,3,-0.558591921408531,-0.558591921408531
138754,1,0,1,0.3047247569405318,0.3047247569405318
138770,19,2,17,-0.28607296864051474,-0.4272306482564966
138771,27,2,25,-0.026895623554149654,-0.06277683791109481
139269,1,0,1,-0.10812988274633728,-0.10812988274633728
139810,3,0,3,-0.42332083723085906,-0.42332083723085906
140393,15,1,14,-0.00488505818185927,-0.060198765666873134
140757,6,0,6,-0.31243189704843216,-0.31243189704843216
141160,1,0,1,0.16909996429394925,0.16909996429394925
141177,2,0,2,-1.4094817586584085,-1.4094817586584085
142755,3,0,3,0.12408427128173205,0.12408427128173205
143134,1,0,1,-1.5157925259116696,-1.5157925259116696
144036,2,1,1,0.5361253296092989,0.9094732913921755
145414,2,0,2,-0.2208786829074787,-0.2208786829074787
145469,1,0,1,-0.07949634597711963,-0.07949634597711963
145864,13,1,12,-0.11902605884948343,-0.2549089004038924
145865,8,1,7,-0.24349932860288717,-0.4317468146672755
146003,1,0,1,-0.8719996430623635,-0.8719996430623635
146037,7,1,6,-0.33883898345777697,-0.5942905156853108
146457,2,0,2,-1.0619943903122968,-1.0619943903122968
146667,1,1,0,1.4074913660133288,
146680,1,0,1,-1.4005968304154761,-1.4005968304154761
147084,1,0,1,-0.48267525665422983,-0.48267525665422983
147573,3,1,2,-0.05963404975722216,-0.610836523352486
147740,2,0,2,-1.3311724605579482,-1.3311724605579482
148181,1,0,1,0.1589926919542397,0.1589926919542397
149244,22,1,21,-0.537618150239102,-0.5839530026746877
150702,1,0,1,-1.0079394337865009,-1.0079394337865009
151158,4,0,4,0.009741003586945407,0.009741003586945407
151243,3,0,3,-0.24152483720070195,-0.24152483720070195
151249,1,0,1,-0.5621058895033948,-0.5621058895033948
151708,4,0,4,-0.09307383473456088,-0.09307383473456088
152137,2,0,2,-0.308739875220728,-0.308739875220728
152309,2,0,2,-0.06180723011731504,-0.06180723011731504
152418,2,0,2,0.2684416876370519,0.2684416876370519
152429,4,0,4,-0.9366280603462475,-0.9366280603462475
152576,1,0,1,-0.3047247569405318,-0.3047247569405318
152764,1,0,1,-0.07949634597712008,-0.07949634597712008
152805,1,0,1,0.0,0.0
153492,16,0,16,-0.40999857297881914,-0.40999857297881914
153640,15,1,14,-0.051080814962986755,-0.21922839008920145
154293,2,0,2,-0.17351889571483992,-0.17351889571483992
155783,2,0,2,1.700616009365793,1.700616009365793
156676,24,1,23,0.11618553061056351,0.09521478534286197
157625,18,1,17,-0.06238965956723473,-0.1920744499693455
158011,1,0,1,-0.07949634597712008,-0.07949634597712008
158554,19,2,17,-0.2901002489258729,-0.4577079639467475
160179,17,0,17,-0.17941558400623003,-0.17941558400623003
161071,15,0,15,0.08052335501098033,0.08052335501098033
161349,2,0,2,-0.08637001916441789,-0.08637001916441789
161983,1,0,1,-0.11999512916455579,-0.11999512916455579
161984,1,0,1,-0.9133662423661262,-0.9133662423661262
161996,3,0,3,-0.1217345410851934,-0.1217345410851934
162027,3,0,3,-0.31288027611561436,-0.31288027611561436
162028,2,0,2,-0.10756056931185176,-0.10756056931185176
162037,2,0,2,0.30037502888459877,0.30037502888459877
162039,1,0,1,-0.1983850150085189,-0.1983850150085189
162042,2,0,2,-0.6010988194958937,-0.6010988194958937
162410,2,1,1,-0.13509066835290606,-1.3390668327075654
162465,1,0,1,0.023367899307657147,0.023367899307657147
163238,8,2,6,-0.35850657460093005,-0.9024413800976712
163261,5,0,5,-0.031966082775302954,-0.031966082775302954
163607,3,2,1,-0.12999658570579933,0.6711403955837789
164274,2,0,2,-0.4971138943406498,-0.4971138943406498
165471,3,0,3,-0.46962767277882245,-0.46962767277882245
165733,1,0,1,-0.5133221313986878,-0.5133221313986878
168201,2,1,1,-1.282375045474121,-3.4251812542221227
169658,1,0,1,-1.2734841931517855,-1.2734841931517855
169823,5,0,5,-0.7679233389402792,-0.7679233389402792
172015,1,0,1,0.49676747994098536,0.49676747994098536
174734,2,0,2,-1.13072659767958,-1.13072659767958
175932,2,0,2,-1.1213730928087207,-1.1213730928087207
176133,2,0,2,-1.2545810789430276,-1.2545810789430276
176239,2,0,2,-1.1729335369881277,-1.1729335369881277
176727,2,0,2,-0.45078992412668906,-0.45078992412668906
179056,4,1,3,0.018263361923662236,0.04979730163767937
181190,1,0,1,-1.7921429009678835,-1.7921429009678835
183308,2,0,2,-1.1204847459120053,-1.1204847459120053
183575,2,0,2,-0.6680778397824905,-0.6680778397824905
184766,1,0,1,0.005409310148906776,0.005409310148906776
186612,2,1,1,-0.7363803233326682,-1.9111158201099316
187441,1,0,1,-0.4529042881666112,-0.4529042881666112
191249,15,3,12,-0.23344761442042203,-0.6347081051451725
192234,25,2,23,-0.05995005178983017,-0.1254958684531816
192762,1,0,1,-0.6007500577691971,-0.6007500577691971
193248,3,0,3,-1.1423487684347449,-1.1423487684347449
194379,2,1,1,-0.8829785810140867,-1.3833275711066886
196017,1,0,1,0.7991582144665426,0.7991582144665426
196184,2,0,2,-2.220446049250313e-16,-2.220446049250313e-16
196728,3,0,3,2.8765304580380278,2.8765304580380278
196820,3,0,3,-0.18788362455617,-0.18788362455617
196974,1,0,1,-0.6802464037463167,-0.6802464037463167
197135,2,0,2,-0.8363318390393878,-0.8363318390393878
197137,1,0,1,-1.1000480179925711,-1.1000480179925711
197140,1,0,1,-0.3030409040349755,-0.3030409040349755
197141,2,0,2,-0.0794963459771203,-0.0794963459771203
197142,3,0,3,-0.2822912565587317,-0.2822912565587317
197323,1,0,1,-0.0352083702028918,-0.0352083702028918
197509,3,0,3,-0.09041652843105534,-0.09041652843105534
197652,2,0,2,-0.11142968722466629,-0.11142968722466629
197836,2,0,2,0.028064223334731242,0.028064223334731242
198385,2,0,2,-0.29210871945382366,-0.29210871945382366
198570,3,0,3,-0.1233330852211562,-0.1233330852211562
198571,2,0,2,-0.08731117771813413,-0.08731117771813413
198572,3,0,3,-0.49911372341071153,-0.49911372341071153
198573,2,0,2,0.09280360457498626,0.09280360457498626
198583,1,0,1,-0.13611102359662608,-0.13611102359662608
198697,2,0,2,-0.8354450063411702,-0.8354450063411702
198715,2,0,2,-0.98567506880077,-0.98567506880077
198946,3,0,3,-0.2598978658566707,-0.2598978658566707
198971,2,0,2,-0.9011250866537959,-0.9011250866537959
198984,1,0,1,-0.21512113862370263,-0.21512113862370263
199012,2,0,2,-0.07562722806430489,-0.07562722806430489
199082,1,0,1,-0.5111464394523684,-0.5111464394523684
199083,3,0,3,-0.5865018029013561,-0.5865018029013561
199135,1,0,1,0.0,0.0
199224,1,0,1,-1.2809964615155147,-1.2809964615155147
199333,4,0,4,-0.3554371333744136,-0.3554371333744136
199448,1,0,1,0.6007500577691975,0.6007500577691975
199469,1,0,1,0.6007500577691971,0.6007500577691971
199471,1,0,1,-0.135624792646583,-0.135624792646583
199528,1,0,1,-0.6007500577691975,-0.6007500577691975
199661,1,0,1,-0.7799572944028546,-0.7799572944028546
199847,3,0,3,-0.5678335009790968,-0.5678335009790968
200048,1,0,1,-1.9612428652618314,-1.9612428652618314
200148,2,0,2,-0.7556060685597885,-0.7556060685597885
200173,1,0,1,-1.1521928435219966,-1.1521928435219966
200278,2,0,2,-0.24459534394183247,-0.24459534394183247
200367,1,0,1,-0.24397840357438216,-0.24397840357438216
200715,12,2,10,0.10406922601083117,-0.0405941057642301
201120,1,0,1,-0.8158711963929002,-0.8158711963929002
201245,4,0,4,-0.5388811486960132,-0.5388811486960132
201248,1,0,1,1.2911037338552238,1.2911037338552238
201249,1,0,1,-1.3804436553392092,-1.3804436553392092
201255,1,0,1,0.0,0.0
201518,1,0,1,-0.2584398857779351,-0.2584398857779351
201638,1,0,1,-0.6108573301089062,-0.6108573301089062
201642,2,1,1,0.31006000284683366,-0.08663749430846401
201864,2,0,2,-0.3401232018731586,-0.3401232018731586
202056,3,1,2,-0.2700169984647511,-1.270511189582544
202207,15,2,13,0.06011837181661277,0.02265576020878803
202272,1,0,1,-0.8065730582116211,-0.8065730582116211
202274,4,0,4,-0.1375887358008091,-0.1375887358008091
203002,2,0,2,-0.2182070984793767,-0.2182070984793767
203182,1,0,1,-0.0256193990304614,-0.0256193990304614
203209,2,0,2,-0.22383725861093495,-0.22383725861093495
203492,1,0,1,-1.0710963579394446,-1.0710963579394446
203635,1,0,1,-0.1589926919542406,-0.1589926919542406
203726,1,0,1,-0.29946200744013796,-0.29946200744013796
203739,3,0,3,-0.18176587138501196,-0.18176587138501196
203767,2,0,2,-0.26062685589603873,-0.26062685589603873
203773,2,0,2,-0.5063758537084309,-0.5063758537084309
203852,2,0,2,-0.5681128084077292,-0.5681128084077292
203914,2,0,2,-0.10877823212762538,-0.10877823212762538
204015,1,0,1,-1.8022501733075913,-1.8022501733075913
204180,2,0,2,0.03587905507574507,0.03587905507574507
204330,1,0,1,-0.7597427497234372,-0.7597427497234372
205349,2,0,2,-0.3120589785384271,-0.3120589785384271
205405,1,0,1,0.4301693632111485,0.4301693632111485
206010,1,0,1,-0.22118623728658138,-0.22118623728658138
206011,2,0,2,-0.7385539963604153,-0.7385539963604153
206215,4,1,3,-0.40950258614785706,-1.1276747769184896
206565,2,0,2,-0.2859236658205544,-0.2859236658205544
206638,1,0,1,-1.2193456237037332,-1.2193456237037332
206732,3,0,3,-0.10239651779634551,-0.10239651779634551
206764,2,0,2,-0.06781239632329128,-0.06781239632329128
206768,1,0,1,-0.21512113862370308,-0.21512113862370308
207147,1,0,1,-0.4140155262710925,-0.4140155262710925
207321,2,0,2,-0.14346250480145195,-0.14346250480145195
207542,2,0,2,-0.12098226728929773,-0.12098226728929773
207543,2,0,2,-0.4227442734032747,-0.4227442734032747
207685,2,0,2,-1.1768938455647742,-1.1768938455647742
207701,4,0,4,-0.6285739964913328,-0.6285739964913328
207876,1,0,1,-0.1589926919542397,-0.1589926919542397
208095,2,0,2,-0.42804913720686577,-0.42804913720686577
208151,2,0,2,-0.05554435603022534,-0.05554435603022534
208238,2,0,2,-0.19851540121644162,-0.19851540121644162
208349,2,0,2,-0.8324218190480139,-0.8324218190480139
208418,2,0,2,-0.20801021499661054,-0.20801021499661054
208431,1,0,1,-0.385628919145494,-0.385628919145494
208671,1,0,1,1.2015001155383946,1.2015001155383946
208677,1,0,1,0.004947922786915804,0.004947922786915804
208751,1,0,1,0.31456833244739757,0.31456833244739757
208851,1,0,1,-0.15508940954311345,-0.15508940954311345
209211,1,0,1,0.08960361831682917,0.08960361831682917
209242,2,0,2,-0.2159568951540458,-0.2159568951540458
209662,1,0,1,-0.1589926919542397,-0.1589926919542397
209942,3,1,2,0.1682615677879924,-0.03768233159634926
210360,2,0,2,-0.2409079637801954,-0.2409079637801954
210656,2,0,2,-0.04853907865480789,-0.04853907865480789
210667,3,0,3,-0.13633227281771707,-0.13633227281771707
210723,1,0,1,-0.1346555640265863,-0.1346555640265863
210803,3,0,3,-1.4802973661668753e-16,-1.4802973661668753e-16
210804,1,0,1,0.07175811015149014,0.07175811015149014
210839,1,0,1,0.0,0.0
211414,1,0,1,-0.33087840065142693,-0.33087840065142693
211428,1,0,1,-0.05612844666946337,-0.05612844666946337
211789,1,0,1,-4.440892098500626e-16,-4.440892098500626e-16
211799,1,0,1,-0.15415105707609156,-0.15415105707609156
211869,2,0,2,-0.6158919607841371,-0.6158919607841371
212087,2,0,2,-1.4477948038579616,-1.4477948038579616
212195,1,0,1,1.0425074235841545,1.0425074235841545
212821,3,0,3,-0.4217889326778292,-0.4217889326778292
214487,2,0,2,-0.13092846861950846,-0.13092846861950846
214493,1,0,1,-0.033475171647365354,-0.033475171647365354
214794,2,0,2,-1.1320446703717806,-1.1320446703717806
214817,3,0,3,-0.6246694278196938,-0.6246694278196938
215072,3,0,3,-0.36529496635621267,-0.36529496635621267
215161,2,0,2,-0.2147441386117479,-0.2147441386117479
215246,2,0,2,-0.14730874230041135,-0.14730874230041135
215676,3,0,3,0.08167203114557482,0.08167203114557482
215763,1,0,1,-0.21512113862370263,-0.21512113862370263
216060,3,0,3,-0.3938497558972731,-0.3938497558972731
216466,3,0,3,-0.34916489607493517,-0.34916489607493517
216486,2,0,2,0.9459268958122107,0.9459268958122107
216637,3,0,3,-0.4189100395396282,-0.4189100395396282
216765,1,0,1,-0.10812988274633728,-0.10812988274633728
216813,2,0,2,-1.0998659515965956,-1.0998659515965956
217209,2,0,2,-0.19078213307030678,-0.19078213307030678
218136,1,0,1,-0.1690999642939488,-0.1690999642939488
218206,1,0,1,-0.31456833244739757,-0.31456833244739757
218433,1,0,1,-1.2015001155383946,-1.2015001155383946
218477,1,0,1,-1.3080080284268818,-1.3080080284268818
219331,1,0,1,-0.6007500577691971,-0.6007500577691971
219337,4,0,4,-0.3251689010488713,-0.3251689010488713
219419,2,0,2,0.044801809158414585,0.044801809158414585
220178,2,0,2,-0.30037502888459855,-0.30037502888459855
220219,2,0,2,-0.005053636169854769,-0.005053636169854769
220584,1,0,1,0.5212537117920779,0.5212537117920779
220631,4,0,4,0.03323059136776518,0.03323059136776518
220990,1,1,0,-0.38233667325154963,
220996,3,0,3,-0.1637318638685977,-0.1637318638685977
221630,1,0,1,-0.07949634597711963,-0.07949634597711963
221638,1,0,1,-0.6007500577691971,-0.6007500577691971
221639,1,0,1,-0.5239773445687734,-0.5239773445687734
221640,2,0,2,-0.30037502888459877,-0.30037502888459877
221641,1,0,1,0.6007500577691975,0.6007500577691975
221663,2,0,2,-0.39843079448725693,-0.39843079448725693
221665,2,0,2,-0.6802464037463172,-0.6802464037463172
222474,2,0,2,-0.007661525889022247,-0.007661525889022247
222731,1,0,1,-0.6007500577691971,-0.6007500577691971
222934,2,0,2,-0.8492895481772724,-0.8492895481772724
223074,3,0,3,-0.05914122908133838,-0.05914122908133838
223075,2,0,2,-0.5864127943080025,-0.5864127943080025
223487,1,0,1,0.08960361831682917,0.08960361831682917
223956,2,0,2,0.0016461229469717509,0.0016461229469717509
224021,1,0,1,-0.7597427497234368,-0.7597427497234368
224422,1,0,1,-0.46512526512261454,-0.46512526512261454
224532,1,0,1,-0.1589926919542397,-0.1589926919542397
224681,4,0,4,-0.03650839721284971,-0.03650839721284971
224901,1,0,1,-2.3928929587370797,-2.3928929587370797
224906,1,0,1,-0.07949634597711963,-0.07949634597711963
224936,7,2,5,0.7471488642074589,1.0575428209222761
225034,1,0,1,1.8817465192847114,1.8817465192847114
225200,1,0,1,0.7547554850827836,0.7547554850827836
225258,1,0,1,-1.2015001155383946,-1.2015001155383946
225535,3,0,3,-0.532602018703201,-0.532602018703201
226125,2,0,2,0.19281445957274723,0.19281445957274723
226126,2,0,2,-0.7133642632509027,-0.7133642632509027
226133,1,0,1,0.08960361831682917,0.08960361831682917
226244,1,0,1,-0.07949634597711963,-0.07949634597711963
226455,1,0,1,-1.1453716688689313,-1.1453716688689313
226951,2,0,2,-1.4333588399857804,-1.4333588399857804
227026,2,0,2,-0.40153074843883485,-0.40153074843883485
227039,5,0,5,-0.01990817128063287,-0.01990817128063287
227476,1,0,1,0.0756120929295605,0.0756120929295605
227513,1,0,1,-0.36637559475231285,-0.36637559475231285
227669,1,1,0,0.3974817298856004,
227935,2,0,2,-1.1258609572878218,-1.1258609572878218
228031,1,0,1,-0.5906427854294893,-0.5906427854294893
228275,1,0,1,-0.135624792646583,-0.135624792646583
228367,1,0,1,-0.5111464394523684,-0.5111464394523684
228401,1,0,1,-0.6241179570768551,-0.6241179570768551
228404,1,0,1,-1.1442550728009788,-1.1442550728009788
228441,2,0,2,-0.6007500577691971,-0.6007500577691971
228486,1,0,1,0.6007500577691971,0.6007500577691971
228754,1,0,1,0.23848903793135934,0.23848903793135934
228998,2,0,2,0.018559419625538753,0.018559419625538753
229172,2,0,2,-0.434881895843247,-0.434881895843247
229197,1,0,1,-0.010107272339709095,-0.010107272339709095
229426,3,1,2,0.045470771518450505,-1.2388267715792796
229778,2,1,1,-0.6885040843459278,-1.7114124767580983
229910,1,0,1,-0.984971160686849,-0.984971160686849
229942,2,0,2,-0.14818384394489925,-0.14818384394489925
229959,2,0,2,-0.16701647467196423,-0.16701647467196423
230141,2,0,2,4.440892098500626e-16,4.440892098500626e-16
230155,3,0,3,-0.0614436283130814,-0.0614436283130814
230242,1,0,1,-0.04602117432975428,-0.04602117432975428
230289,1,0,1,-0.5889015785402023,-0.5889015785402023
230354,2,1,1,-0.763187935699922,-1.9050064915732958
230701,2,1,1,-0.9079725027678452,-2.6514128827898698
231509,1,0,1,0.07949634597712052,0.07949634597712052
231689,1,0,1,-1.8425640892673099,-1.8425640892673099
231717,2,0,2,0.10378853828501566,0.10378853828501566
232142,2,0,2,0.377489996830527,0.377489996830527
232548,3,0,3,-0.16376304859887267,-0.16376304859887267
232549,1,0,1,-0.4958632339257716,-0.4958632339257716
233180,2,0,2,-0.6973507912483149,-0.6973507912483149
233939,3,0,3,0.025129427946133598,0.025129427946133598
238589,3,0,3,-0.004420208989316166,-0.004420208989316166
240557,2,0,2,-0.3699368528384601,-0.3699368528384601
240574,1,0,1,-0.07949634597711963,-0.07949634597711963
240599,3,0,3,0.006488205632176965,0.006488205632176965
240777,3,0,3,-0.4362826473798152,-0.4362826473798152
240934,2,0,2,-1.098166103060458,-1.098166103060458
241042,2,0,2,-0.005053636169854547,-0.005053636169854547
241397,3,0,3,-0.11691531042342825,-0.11691531042342825
241808,2,0,2,-0.04702864159003417,-0.04702864159003417
241992,1,0,1,-0.8315008598749278,-0.8315008598749278
241993,3,0,3,-0.16555293436272578,-0.16555293436272578
242017,1,0,1,0.6007500577691975,0.6007500577691975
242440,1,0,1,-0.06893814618469385,-0.06893814618469385
242846,1,0,1,0.24011389575037478,0.24011389575037478
242852,1,0,1,-0.04783244562001032,-0.04783244562001032
242899,2,0,2,-0.3830648988976833,-0.3830648988976833
242943,3,1,2,-0.6043570332268199,-1.1544039389861631
243221,3,1,2,-0.0004535127814850881,-1.0323371340685807
243334,3,1,2,-9.753080699237834,-15.18895166452756
244236,18,4,14,-0.09124088117899327,-0.06989152490629914
245295,2,1,1,-0.7122617316352919,-1.8204326372648696
247215,2,1,1,-0.6864604189723875,-1.6829940461291142
248585,2,0,2,-1.7267087522923816,-1.7267087522923816
250080,2,0,2,-0.6927801162937113,-0.6927801162937113
250362,3,2,1,-0.20157251406522483,2.0107862308055053
253107,7,1,6,0.05325582985379277,-0.18619368617437293
253186,2,0,2,-2.2247790170279584,-2.2247790170279584
268023,2,0,2,-0.6034306153311111,-0.6034306153311111
268623,3,1,2,-0.4146370871817129,-0.08695707784426543
276996,1,0,1,-0.5645724589463095,-0.5645724589463095
283886,1,1,0,0.8151179791283396,
284264,1,0,1,-1.5221599384305886,-1.5221599384305886
288334,1,0,1,0.0,0.0
294147,1,0,1,-0.16425832941579976,-0.16425832941579976
295524,9,1,8,0.02831145981552869,-0.20198131092523836
296275,2,0,2,0.4327271105138024,0.4327271105138024
298168,1,0,1,0.0,0.0
298858,14,1,13,-0.31850192966884666,-0.43946550533115875
299864,13,0,13,-0.04773606316656827,-0.04773606316656827
305230,2,0,2,-1.3301957177799584,-1.3301957177799584
305484,13,0,13,0.07356869507084779,0.07356869507084779
311756,12,1,11,0.08393093121110747,-0.02894676314097017
311774,1,0,1,0.17581069071587452,0.17581069071587452
313661,21,3,18,0.1605519859863395,0.15066387004646364
313907,2,0,2,-1.1644365871622728,-1.1644365871622728
318701,2,0,2,-1.5097199473124088,-1.5097199473124088
319262,1,0,1,-0.06768080796953724,-0.06768080796953724
321957,4,0,4,-1.1991234270734985,-1.1991234270734985
322725,2,0,2,-1.0277808326784472,-1.0277808326784472
324224,1,0,1,0.10812988274633728,0.10812988274633728
328464,1,0,1,-1.7811949375149987,-1.7811949375149987
329222,1,0,1,-0.10812988274633728,-0.10812988274633728
333737,2,0,2,-1.3976891572497196,-1.3976891572497196
334159,6,1,5,0.3994583933119415,0.2977675099851761
334315,1,0,1,1.4727497008315606,1.4727497008315606
339388,1,1,0,1.0153885409909373,
341235,3,1,2,0.5118936736650269,0.7513489852730582
346245,9,1,8,-0.3022532661420067,-0.5401681607750125
349799,1,0,1,-0.12623214459243481,-0.12623214459243481
352556,1,0,1,0.0,0.0
372518,1,0,1,-0.42623853684409596,-0.42623853684409596
373321,2,0,2,0.1824863380300762,0.1824863380300762
386626,5,1,4,0.18656850961124163,0.39323879911504594
387599,11,1,10,-0.14479372876759158,-0.27394319027761826
388950,2,1,1,0.25649095685281764,-0.9312285816586705
389622,5,0,5,0.11142062434153446,0.11142062434153446
399612,18,0,18,0.03234489923791495,0.03234489923791495
400168,2,0,2,-1.6504099316914411,-1.6504099316914411
400797,8,0,8,0.1476245653991629,0.1476245653991629
403779,1,0,1,-0.9112304116189818,-0.9112304116189818
407548,3,0,3,-1.0961519588111026,-1.0961519588111026
411688,5,1,4,-0.35510418813779143,-0.06143639797102614
416103,24,5,19,-0.004762435880693981,-0.2304229890208065
417257,2,0,2,-0.3470091921952152,-0.3470091921952152
421689,1,0,1,0.10812988274633684,0.10812988274633684
423604,2,0,2,0.0,0.0
426345,2,0,2,-1.898627647757107,-1.898627647757107
427332,1,0,1,0.3577729051840719,0.3577729051840719
431475,16,5,11,0.1585623016680351,0.3495296331655702
432481,18,0,18,0.13453112777264314,0.13453112777264314
432700,1,0,1,0.1690999642939488,0.1690999642939488
438104,3,0,3,0.05041815204287007,0.05041815204287007
438996,4,0,4,-0.023721750403771336,-0.023721750403771336
441296,4,0,4,-0.8847069519948065,-0.8847069519948065
443783,1,0,1,-0.47020558346187524,-0.47020558346187524
445379,2,0,2,-0.9513720073725287,-0.9513720073725287
445706,1,0,1,-0.9493749607207507,-0.9493749607207507
447906,1,0,1,-1.7034513077117373,-1.7034513077117373
457851,2,0,2,-1.4044414550210629,-1.4044414550210629
458857,2,0,2,-1.0451285590186496,-1.0451285590186496
459521,2,0,2,0.039748172988559816,0.039748172988559816
460417,1,0,1,-1.7160682034190138,-1.7160682034190138
462853,1,0,1,-1.2668019184650254,-1.2668019184650254
464123,1,0,1,0.023367899307657147,0.023367899307657147
465958,2,0,2,-1.0650400652000913,-1.0650400652000913
466000,1,0,1,-0.37744177927506595,-0.37744177927506595
467829,2,0,2,0.06567953280834815,0.06567953280834815
467864,2,0,2,0.018980002586532763,0.018980002586532763
467894,1,0,1,-0.6007500577691971,-0.6007500577691971
468042,1,0,1,-0.21512113862370352,-0.21512113862370352
468150,2,0,2,-0.30037502888459855,-0.30037502888459855
468212,3,0,3,-0.48474121681596244,-0.48474121681596244
468218,4,0,4,0.0011602620963784283,0.0011602620963784283
468219,2,1,1,0.09657430993288774,-0.2322520225034812
468221,1,0,1,0.034851752401640734,0.034851752401640734
468237,3,0,3,-0.029467587693741876,-0.029467587693741876
468492,2,0,2,-0.8677739392493828,-0.8677739392493828
468547,1,0,1,-0.6007500577691971,-0.6007500577691971
468887,1,0,1,-0.5446216110997342,-0.5446216110997342
468890,1,0,1,-0.33819992858789805,-0.33819992858789805
468940,1,0,1,-0.135624792646583,-0.135624792646583
468943,1,0,1,0.0,0.0
468944,2,0,2,0.17920723663365723,0.17920723663365723
468948,4,0,4,-0.10905446846011779,-0.10905446846011779
468955,2,0,2,-0.5022178887916902,-0.5022178887916902
468956,1,0,1,-0.590642785429488,-0.590642785429488
468961,1,0,1,0.013058299738256007,0.013058299738256007
468962,1,0,1,0.0,0.0
468994,4,0,4,-0.05595095688658658,-0.05595095688658658
469000,2,0,2,-0.6713236496636479,-0.6713236496636479
469005,1,0,1,-0.05612844666946293,-0.05612844666946293
469010,3,0,3,-0.23299108488948658,-0.23299108488948658
469012,1,0,1,-0.23848903793136023,-0.23848903793136023
469055,3,0,3,-0.17038214648412264,-0.17038214648412264
469057,2,0,2,-0.3401232018731586,-0.3401232018731586
469065,2,0,2,-0.3054286650544531,-0.3054286650544531
469069,1,0,1,0.1589926919542397,0.1589926919542397
469070,2,0,2,0.5726858344344656,0.5726858344344656
469071,2,0,2,-0.2325626325613075,-0.2325626325613075
469072,1,0,1,0.07949634597711963,0.07949634597711963
469075,2,0,2,-0.3362540839603434,-0.3362540839603434
469081,2,0,2,-0.6007500577691973,-0.6007500577691973
469082,1,0,1,-0.7597427497234368,-0.7597427497234368
469085,1,0,1,-0.07949634597711963,-0.07949634597711963
469086,1,0,1,-1.0044357775833799,-1.0044357775833799
469094,2,0,2,-0.6853000399161717,-0.6853000399161717
469097,2,0,2,0.3362540839603432,0.3362540839603432
469102,1,0,1,-0.24859631027106932,-0.24859631027106932
469116,1,0,1,0.0,0.0
469121,1,0,1,-0.6903536760860267,-0.6903536760860267
469124,2,0,2,-0.6685624540924886,-0.6685624540924886
469126,1,0,1,-0.7698500220631463,-0.7698500220631463
469139,2,0,2,-0.07446036155592894,-0.07446036155592894
469162,1,0,1,-0.04602117432975383,-0.04602117432975383
469173,1,0,1,-1.2015001155383946,-1.2015001155383946
469205,3,1,2,0.08239057561800056,-0.26954105956262486
469206,2,0,2,-0.10365728690072529,-0.10365728690072529
469207,1,0,1,1.3371249081849772,1.3371249081849772
469209,2,0,2,-0.11274150764892399,-0.11274150764892399
469326,1,0,1,-0.6007500577691971,-0.6007500577691971
469328,2,0,2,-1.2921925849067712,-1.2921925849067712
469337,1,0,1,-1.2809964615155147,-1.2809964615155147
469339,1,0,1,1.1220037695612741,1.1220037695612741
469346,2,0,2,-0.7149409405650224,-0.7149409405650224
469347,1,0,1,-0.012809699515230921,-0.012809699515230921
469349,1,0,1,0.0,0.0
469354,2,0,2,0.036715623657120666,0.036715623657120666
469358,1,0,1,-0.4165408805068216,-0.4165408805068216
469361,3,0,3,-0.4357155551760415,-0.4357155551760415
469363,1,0,1,-0.31798538390847986,-0.31798538390847986
469371,2,0,2,-0.07778782024657827,-0.07778782024657827
469559,1,0,1,0.08960361831682917,0.08960361831682917
469571,1,0,1,-0.13562479264658256,-0.13562479264658256
469579,1,0,1,-0.06938907363741054,-0.06938907363741054
469582,1,0,1,0.1447628363662945,0.1447628363662945
469584,1,0,1,-0.3379362317550547,-0.3379362317550547
469591,3,0,3,-0.16877385725448102,-0.16877385725448102
469593,1,0,1,0.6802464037463167,0.6802464037463167
469612,3,0,3,-0.16877385725448088,-0.16877385725448088
469673,3,0,3,-0.15741839497084684,-0.15741839497084684
469678,2,0,2,-0.334227639250525,-0.334227639250525
469679,1,0,1,-0.3933671549711244,-0.3933671549711244
469680,1,0,1,-1.2116073878781033,-1.2116073878781033
469681,2,0,2,-0.27482015945883775,-0.27482015945883775
469682,1,0,1,-0.8591899435471322,-0.8591899435471322
469683,2,0,2,-0.28138494122693625,-0.28138494122693625
469688,1,0,1,-0.5631646427184664,-0.5631646427184664
469701,2,1,1,0.09634884620652917,-0.3550671156348333
469704,2,1,1,-0.19745859208478356,-0.09512600945914684
469707,1,0,1,-0.07949634597712008,-0.07949634597712008
469709,1,0,1,-0.1255175203068739,-0.1255175203068739
469710,1,0,1,-0.05612844666946293,-0.05612844666946293
469711,3,0,3,-0.02182859707542824,-0.02182859707542824
469731,2,0,2,-0.13562479264658278,-0.13562479264658278
469732,1,0,1,-0.4536101765550633,-0.4536101765550633
469738,2,0,2,-0.03974817298856004,-0.03974817298856004
469740,1,0,1,-0.3741138305779428,-0.3741138305779428
469741,1,0,1,-0.5111464394523679,-0.5111464394523679
469742,1,0,1,-0.38243755352800823,-0.38243755352800823
469747,2,0,2,0.0034523126032386386,0.0034523126032386386
469748,1,0,1,-0.6108573301089071,-0.6108573301089071
469752,2,0,2,-0.14090389254279612,-0.14090389254279612
469753,2,0,2,-0.031735961115249234,-0.031735961115249234
469754,3,0,3,-0.09788275199360896,-0.09788275199360896
469763,5,1,4,-0.10180821995422659,-0.23161841937582706
469768,1,0,1,-0.7539566617482762,-0.7539566617482762
469779,1,0,1,-0.6802464037463172,-0.6802464037463172
469780,3,0,3,-0.5792932691627072,-0.5792932691627072
469788,2,0,2,-0.5232053529976399,-0.5232053529976399
469790,2,0,2,-0.4434658915454983,-0.4434658915454983
469796,3,0,3,-0.4338137760206158,-0.4338137760206158
469803,1,0,1,-0.08960361831682917,-0.08960361831682917
469809,1,0,1,-1.018182635501372,-1.018182635501372
469812,1,0,1,-0.07949634597711963,-0.07949634597711963
469815,1,0,1,-0.08960361831682917,-0.08960361831682917
469817,3,0,3,-0.17375123726402583,-0.17375123726402583
469818,2,0,2,0.01152104507423024,0.01152104507423024
469820,2,0,2,-0.15899269195424037,-0.15899269195424037
469833,1,0,1,-1.8817465192847114,-1.8817465192847114
469836,1,0,1,0.020214544679417745,0.020214544679417745
469837,2,0,2,0.3401232018731586,0.3401232018731586
469842,2,0,2,-0.028064223334731464,-0.028064223334731464
469850,2,0,2,-0.06275876015343695,-0.06275876015343695
469853,1,0,1,-0.010107272339709095,-0.010107272339709095
469856,1,0,1,0.0,0.0
469864,1,0,1,-1.273258225689884,-1.273258225689884
469880,1,0,1,-0.07949634597711963,-0.07949634597711963
469882,1,0,1,-0.6108573301089053,-0.6108573301089053
469898,2,0,2,-0.20343718896987473,-0.20343718896987473
469905,3,0,3,-0.34334103546553524,-0.34334103546553524
469909,2,0,2,0.2953213927147442,0.2953213927147442
469912,1,0,1,0.6903536760860254,0.6903536760860254
469925,1,0,1,0.04331874715423156,0.04331874715423156
469927,1,0,1,-0.5114101362852113,-0.5114101362852113
469931,1,0,1,0.6802464037463172,0.6802464037463172
469937,3,0,3,-0.19338312218555856,-0.19338312218555856
469943,2,0,2,-0.6058036939390521,-0.6058036939390521
469944,2,0,2,-0.3529258524403138,-0.3529258524403138
469946,3,0,3,-0.21585221380517852,-0.21585221380517852
469970,2,0,2,-0.3003750288845981,-0.3003750288845981
469976,1,0,1,0.13562479264658345,0.13562479264658345
469977,1,0,1,-0.6007500577691967,-0.6007500577691967
469979,2,0,2,-0.6966266774272203,-0.6966266774272203
469982,2,0,2,-0.2727954198598652,-0.2727954198598652
469985,1,0,1,-0.010107272339709539,-0.010107272339709539
469986,1,0,1,-0.65687850443866,-0.65687850443866
469988,1,0,1,-0.2798529298260779,-0.2798529298260779
469996,1,0,1,-0.04756520687976362,-0.04756520687976362
470000,3,0,3,-0.6112009681471853,-0.6112009681471853
470001,2,0,2,-0.30037502888459877,-0.30037502888459877
470013,2,0,2,0.11924451896567922,0.11924451896567922
470014,1,1,0,1.6715096077877276,
470022,1,0,1,-0.2408580744454385,-0.2408580744454385
470026,1,0,1,0.21512113862370352,0.21512113862370352
470029,1,0,1,-0.08960361831682917,-0.08960361831682917
470035,1,0,1,-1.1453716688689317,-1.1453716688689317
470037,2,0,2,0.0,0.0
470038,2,0,2,-0.2606268558960385,-0.2606268558960385
470128,3,0,3,-0.11347877723362816,-0.11347877723362816
470129,1,0,1,0.017845508165338586,0.017845508165338586
470131,1,0,1,0.0,0.0
470136,2,0,2,-0.009766472946576288,-0.009766472946576288
470145,1,0,1,0.6701391314066085,0.6701391314066085
470148,1,0,1,-0.5475349792364388,-0.5475349792364388
470153,3,0,3,-0.19100273940844392,-0.19100273940844392
470158,1,0,1,-0.1589926919542397,-0.1589926919542397
470159,3,0,3,-0.5370648191483128,-0.5370648191483128
470160,1,0,1,0.1346555640265863,0.1346555640265863
470161,1,0,1,-0.5111464394523679,-0.5111464394523679
470172,2,0,2,-0.30037502888459855,-0.30037502888459855
470173,1,0,1,0.0,0.0
470281,1,0,1,-0.0689381461846934,-0.0689381461846934
470283,1,0,1,0.16950731642822614,0.16950731642822614
470287,1,0,1,8.881784197001252e-16,8.881784197001252e-16
470289,2,0,2,-0.039748172988559816,-0.039748172988559816
470296,1,0,1,0.08960361831682873,0.08960361831682873
470297,1,0,1,-0.6007500577691971,-0.6007500577691971
470316,2,0,2,-0.15223053005384424,-0.15223053005384424
470328,1,0,1,-0.6903536760860263,-0.6903536760860263
470336,1,0,1,0.22451378667785127,0.22451378667785127
470338,1,0,1,-1.2092383513640246,-1.2092383513640246
470339,2,0,2,-0.49248558034342427,-0.49248558034342427
470343,1,0,1,-0.19517029077712778,-0.19517029077712778
470352,1,0,1,-0.6802464037463172,-0.6802464037463172
470357,1,0,1,0.0,0.0
470408,1,0,1,-1.8716392469450023,-1.8716392469450023
470409,1,0,1,-1.2015001155383946,-1.2015001155383946
470410,1,0,1,0.7363748504157797,0.7363748504157797
470412,2,0,2,0.04093269124560006,0.04093269124560006
470413,3,0,3,-0.31745844880665447,-0.31745844880665447
470415,2,0,2,-0.21090325898419127,-0.21090325898419127
470418,1,0,1,-0.010107272339709539,-0.010107272339709539
470419,1,0,1,-0.6802464037463167,-0.6802464037463167
470422,3,0,3,0.045208264215527816,0.045208264215527816
470427,2,0,2,-0.26725716938001254,-0.26725716938001254
470431,2,0,2,-0.04987975474898876,-0.04987975474898876
470433,2,0,2,-0.08441813373055318,-0.08441813373055318
470438,1,0,1,0.7363748504157801,0.7363748504157801
470440,1,0,1,0.13562479264658256,0.13562479264658256
470441,3,0,3,0.048839867769369626,0.048839867769369626
470446,1,1,0,1.1993776750249916,
470449,1,0,1,-0.6802464037463172,-0.6802464037463172
470478,1,0,1,-0.12036727029026606,-0.12036727029026606
470481,1,0,1,-0.178943539800815,-0.178943539800815
470484,2,0,2,-1.2890202442332388,-1.2890202442332388
470488,3,0,3,-0.24481552789144523,-0.24481552789144523
470491,2,0,2,-0.010285031869938566,-0.010285031869938566
470495,1,0,1,0.8761359601991936,0.8761359601991936
470769,3,0,3,0.018709482223154605,0.018709482223154605
470772,1,0,1,-0.31798538390847986,-0.31798538390847986
470775,1,0,1,0.0,0.0
470777,1,0,1,-0.21512113862370263,-0.21512113862370263
470778,1,0,1,0.3061325731683744,0.3061325731683744
470788,2,0,2,-0.6455518669276119,-0.6455518669276119
470826,2,0,2,-0.21572156624150485,-0.21572156624150485
470839,2,0,2,-0.85561936938146,-0.85561936938146
470840,1,0,1,-1.5512768181886836,-1.5512768181886836
470841,1,0,1,0.0,0.0
470904,2,0,2,-0.46574199133610583,-0.46574199133610583
482617,18,1,17,0.272626054459544,0.2530348725069692
528932,1,0,1,0.23857554858623586,0.23857554858623586
533891,1,0,1,-1.9733806605011353,-1.9733806605011353
1542378,2,1,1,-0.2318043495146746,-1.1031992562228905
4992688,2,1,1,-0.8478038049129596,-1.0551038349457653
9736324,13,1,12,0.061008163140131015,-0.03665283096119043
27281057,3,0,3,0.07188022481102285,0.07188022481102285
31266097,1,0,1,0.13562479264658256,0.13562479264658256
35139044,1,0,1,0.5672748861218313,0.5672748861218313
35999782,2,0,2,-0.30037502888459855,-0.30037502888459855
36125128,3,0,3,0.00273215265753309,0.00273215265753309
36187909,1,0,1,-0.6007500577691975,-0.6007500577691975
37906653,2,0,2,-0.08293439346741904,-0.08293439346741904
38339711,1,0,1,-0.10286424528477767,-0.10286424528477767
38347689,2,0,2,-0.5363956148070173,-0.5363956148070173
39388507,1,0,1,-23.750046950532614,-23.750046950532614
39388566,1,0,1,-0.1809574898263211,-0.1809574898263211
40990858,1,0,1,-0.762111786237516,-0.762111786237516
42667067,1,0,1,-0.7597427497234368,-0.7597427497234368
42667659,1,0,1,0.00773823582563038,0.00773823582563038
51495555,1,0,1,0.4218065179683834,0.4218065179683834
52047996,2,0,2,-0.2606268558960385,-0.2606268558960385
53348849,1,0,1,-0.06386668249509242,-0.06386668249509242
53710267,1,0,1,-0.34978471098404995,-0.34978471098404995
53740852,2,0,2,0.009205262721194707,0.009205262721194707
53740853,1,0,1,0.07949634597711963,0.07949634597711963
53782438,2,0,2,-0.020040440617006938,-0.020040440617006938
53815011,3,0,3,0.13336346711634883,0.13336346711634883
56053551,1,0,1,-0.849346368040266,-0.849346368040266
56637015,1,0,1,0.11225689333892586,0.11225689333892586
58521006,2,0,2,-0.46406404486591324,-0.46406404486591324
58527709,3,0,3,-0.03741896444630877,-0.03741896444630877
58594608,16,0,16,0.18641198259315295,0.18641198259315295
58690080,1,0,1,-1.4267285265018064,-1.4267285265018064
58856134,1,0,1,-0.07949634597711963,-0.07949634597711963
58901304,2,0,2,-0.295321392714744,-0.295321392714744
58905552,1,0,1,-1.104158261395936,-1.104158261395936
60737482,1,0,1,-0.7520045138978064,-0.7520045138978064
60776696,2,0,2,-0.028064223334731464,-0.028064223334731464
60820005,7,1,6,0.12664010049348715,0.29376208796539555
61003719,3,0,3,-0.09485179936416828,-0.09485179936416828
61003720,1,0,1,0.07949634597711963,0.07949634597711963
61412756,2,0,2,-0.22680508827753165,-0.22680508827753165
61415840,2,0,2,-0.1987067004444889,-0.1987067004444889
62574764,3,0,3,0.005158823883753438,0.005158823883753438
62753067,1,0,1,-0.42928105696117047,-0.42928105696117047
63661902,1,0,1,0.155089409543113,0.155089409543113
63663841,2,1,1,0.2917280879603681,-0.06717287741193267
63747192,4,0,4,-0.03466378905861911,-0.03466378905861911
63747226,1,0,1,-0.04331874715423156,-0.04331874715423156
63839834,1,0,1,-0.5829045496038581,-0.5829045496038581
63840950,2,0,2,-0.07754470477155695,-0.07754470477155695
65546263,2,0,2,0.0678123963232915,0.0678123963232915
65557899,1,0,1,-0.23458575552023397,-0.23458575552023397
65878123,1,0,1,0.056128446669463816,0.056128446669463816
66095341,1,0,1,-0.25070164995230515,-0.25070164995230515
66291172,2,0,2,-0.4778430549861399,-0.4778430549861399
66313997,1,0,1,0.43938832930087823,0.43938832930087823
68286445,3,1,2,0.03156970693184569,-0.2011099014568789
70925120,2,0,2,-0.632683399016744,-0.632683399016744
70925614,2,0,2,-0.6404982307577574,-0.6404982307577574
70938938,2,0,2,-0.03974817298856004,-0.03974817298856004
70947518,2,0,2,-0.30037502888459877,-0.30037502888459877
71039083,3,0,3,-0.18716026327096946,-0.18716026327096946
71043804,1,0,1,-0.8662923846923278,-0.8662923846923278
73071769,4,0,4,-0.07789877929141986,-0.07789877929141986
73071770,2,0,2,-0.07778782024657849,-0.07778782024657849
73353532,6,0,6,-0.1203595557787845,-0.1203595557787845
73498797,2,0,2,-0.0457395645933063,-0.0457395645933063
75350830,2,0,2,-0.21582504673762437,-0.21582504673762437
75427009,1,0,1,0.06938907363741187,0.06938907363741187
75851555,3,0,3,-0.04629848576893739,-0.04629848576893739
75864396,1,0,1,0.0,0.0
76085030,1,0,1,-0.07949634597711963,-0.07949634597711963
77803015,1,0,1,-1.2015001155383946,-1.2015001155383946
77807552,3,0,3,-0.016463707929574856,-0.016463707929574856
78246625,1,0,1,1.2015001155383946,1.2015001155383946
78345920,2,0,2,-0.3399913534567378,-0.3399913534567378
78375603,1,0,1,-0.5111464394523684,-0.5111464394523684
78472002,2,0,2,0.0,0.0
78474501,2,0,2,-0.45273740735486445,-0.45273740735486445
79032668,1,0,1,-0.6007500577691975,-0.6007500577691975
79702333,1,0,1,0.44566064822608364,0.44566064822608364
79964417,1,0,1,1.3706000798323434,1.3706000798323434
81060345,1,0,1,0.07949634597711963,0.07949634597711963
81062637,2,0,2,-0.424673184020133,-0.424673184020133
81071056,2,0,2,-0.039748172988559594,-0.039748172988559594
81119196,1,0,1,-0.6903536760860263,-0.6903536760860263
81150326,1,0,1,-0.07949634597712008,-0.07949634597712008
81150328,3,1,2,0.061403059087458356,-0.22152598838131832
81151079,1,0,1,-0.9389499863570943,-0.9389499863570943
81182240,2,0,2,-0.31069921453458216,-0.31069921453458216
81267462,2,0,2,-0.3401232018731586,-0.3401232018731586
81268359,3,1,2,-0.042314034574646886,-0.2929089588702818
82901997,2,0,2,-0.6785378780157763,-0.6785378780157763
82948672,2,0,2,-0.04627732285768782,-0.04627732285768782
83010212,2,0,2,-0.2903732270254815,-0.2903732270254815
83459128,1,0,1,0.0,0.0
83658211,3,0,3,-0.0698414219050214,-0.0698414219050214
84205702,2,0,2,-0.35531495313014205,-0.35531495313014205
85721435,1,0,1,-0.1690999642939488,-0.1690999642939488
86017109,2,0,2,0.3779197336561553,0.3779197336561553
86030709,1,0,1,-0.6725081679206868,-0.6725081679206868
86034672,1,0,1,-0.31408210149735405,-0.31408210149735405
86034673,1,0,1,-0.010107272339709095,-0.010107272339709095
86129660,1,0,1,0.40463852656387944,0.40463852656387944
86129662,2,0,2,0.00024311547502176012,0.00024311547502176012
86151216,1,0,1,-0.5111464394523684,-0.5111464394523684
86236580,3,0,3,-0.06317246264672545,-0.06317246264672545
87990232,1,0,1,-0.3940646784245172,-0.3940646784245172
88456457,3,0,3,-0.2714064061179943,-0.2714064061179943
88459555,1,0,1,-0.0464920763003045,-0.0464920763003045
90727155,1,0,1,-0.2151211386237022,-0.2151211386237022
90802471,1,0,1,0.13562479264658256,0.13562479264658256
90867809,1,0,1,0.6467712320989518,0.6467712320989518
90914443,1,0,1,-0.05612844666946204,-0.05612844666946204
90935703,1,0,1,-0.47196400943496686,-0.47196400943496686
92646180,1,0,1,-0.07949634597711963,-0.07949634597711963
92890059,1,0,1,0.0,0.0
92890060,2,0,2,-0.3109977582817258,-0.3109977582817258
93204148,1,0,1,0.05612844666946293,0.05612844666946293
93921722,1,0,1,-0.6802464037463167,-0.6802464037463167
94967979,2,0,2,0.34517683804301313,0.34517683804301313
95046982,1,0,1,-0.6802464037463167,-0.6802464037463167
95619812,1,0,1,-0.25843988577793464,-0.25843988577793464
95631761,1,0,1,0.17894353980081457,0.17894353980081457
95631764,1,0,1,-1.8022501733075917,-1.8022501733075917
95645205,2,0,2,-0.08590119573473531,-0.08590119573473531
95702913,2,0,2,-0.6504736546810448,-0.6504736546810448
95876358,3,0,3,-0.3143534099201533,-0.3143534099201533
97598426,2,0,2,0.021659373577116448,0.021659373577116448
98871877,1,0,1,-0.05612844666946293,-0.05612844666946293
104169131,15,1,14,0.06777923486051772,0.09100088628558314
104634312,17,3,14,0.10535576733524699,0.057354921074184446
118184530,1,0,1,-1.1680249438910288,-1.1680249438910288
118193104,1,0,1,-1.1913928431986855,-1.1913928431986855
122930989,16,0,16,-0.05459380515018128,-0.05459380515018128
127324549,1,0,1,-0.135624792646583,-0.135624792646583
127346440,2,0,2,-0.19092603320178658,-0.19092603320178658
144469879,4,0,4,-0.18583878753119065,-0.18583878753119065
149069372,1,0,1,-0.6007500577691971,-0.6007500577691971
152950980,22,5,17,0.07757798228322416,-0.12608382761206294
157989255,7,0,7,-0.1824972669580245,-0.1824972669580245
166956714,2,0,2,0.5652197644201493,0.5652197644201493
166956715,2,0,2,0.11895836298002904,0.11895836298002904
176433470,1,0,1,-0.8329523718620426,-0.8329523718620426
178265854,3,0,3,0.18154053703324458,0.18154053703324458
182967922,1,0,1,-0.4456606482260841,-0.4456606482260841
183642184,1,0,1,-0.0903020588306287,-0.0903020588306287
184924548,1,0,1,-1.0520817567365057,-1.0520817567365057
187709954,1,1,0,1.4182220090741875,
189808981,1,1,0,0.27295026504967534,
190732457,11,1,10,0.15386204606772605,0.19611458263099743
194857974,4,0,4,-0.3696768738780689,-0.3696768738780689
194936125,1,0,1,0.08960361831682917,0.08960361831682917
195309058,2,0,2,-0.6404982307577574,-0.6404982307577574
195505179,1,0,1,-0.10286424528477767,-0.10286424528477767
195514292,2,0,2,-0.16584960816358785,-0.16584960816358785
195765678,1,0,1,-0.600750057769198,-0.600750057769198
195892860,2,0,2,-0.5917507077711441,-0.5917507077711441
195942985,1,0,1,-1.2015001155383946,-1.2015001155383946
195942987,3,0,3,-0.1222872752341188,-0.1222872752341188
195942988,3,1,2,-0.008932462148950826,-0.33871321988976044
197727538,2,0,2,2.220446049250313e-16,2.220446049250313e-16
197776204,1,0,1,-0.6802464037463167,-0.6802464037463167
198205363,1,0,1,-0.3741138305779428,-0.3741138305779428
198571624,2,0,2,-0.36495562283989114,-0.36495562283989114
200649215,2,0,2,-0.5559482486107827,-0.5559482486107827
200649219,1,0,1,-0.07949634597711963,-0.07949634597711963
200649228,1,0,1,-0.24085807444543894,-0.24085807444543894
200649248,2,0,2,-0.3506277976154879,-0.3506277976154879
200649265,1,0,1,-0.09944719382369449,-0.09944719382369449
200657125,1,0,1,-0.7597427497234372,-0.7597427497234372
200683508,3,0,3,-0.07583672430772952,-0.07583672430772952
200785432,1,0,1,-0.7205603197060357,-0.7205603197060357
200785471,2,0,2,0.30037502888459855,0.30037502888459855
200785615,1,0,1,0.05411457767367622,0.05411457767367622
200843234,3,0,3,-0.04117209117341961,-0.04117209117341961
200843237,1,0,1,-1.722753827330472,-1.722753827330472
200932710,2,0,2,0.19281445957274723,0.19281445957274723
200972212,1,0,1,-1.5435465906968142,-1.5435465906968142
200972213,2,1,1,0.0002985437471429986,-0.5419020830920456
200972785,2,0,2,-0.13664724720596189,-0.13664724720596189
202617745,1,0,1,-0.03520837020289136,-0.03520837020289136
202670145,2,0,2,0.005053636169854769,0.005053636169854769
202670186,1,0,1,0.586532542026124,0.586532542026124
202671115,1,0,1,0.01784550816533903,0.01784550816533903
202671119,1,0,1,-0.5111464394523679,-0.5111464394523679
203108559,1,0,1,-0.550328869469769,-0.550328869469769
203402095,1,0,1,-2.172750387156764,-2.172750387156764
205885046,1,0,1,-0.07175811015148925,-0.07175811015148925
205885063,1,0,1,-0.010107272339709095,-0.010107272339709095
205912167,1,0,1,-0.17894353980081457,-0.17894353980081457
205912197,3,0,3,-0.38797156682922135,-0.38797156682922135
205915307,3,0,3,-0.25524659288659396,-0.25524659288659396
205915309,2,0,2,-0.31938604981235375,-0.31938604981235375
206003230,2,0,2,0.08960361831682917,0.08960361831682917
206029633,1,0,1,-0.21512113862370263,-0.21512113862370263
206029976,3,0,3,0.14725245527165262,0.14725245527165262
206237306,1,0,1,-0.07949634597711963,-0.07949634597711963
206237308,1,0,1,-0.4302422772474057,-0.4302422772474057
208521843,2,1,1,-0.45223097872583917,-0.1287860483342289
209325388,1,0,1,0.0,0.0
209325401,1,0,1,-0.1589926919542397,-0.1589926919542397
211016017,2,0,2,-0.22087868290747892,-0.22087868290747892
211135596,1,0,1,0.015629663482027212,0.015629663482027212
211296916,1,0,1,-0.056377046892488014,-0.056377046892488014
213030422,2,0,2,-0.6007500577691973,-0.6007500577691973
213032134,3,0,3,-0.14388336449174943,-0.14388336449174943
215282637,3,0,3,-0.0677613003361861,-0.0677613003361861
215282925,2,0,2,-0.6007500577691975,-0.6007500577691975
216280597,3,0,3,-0.3436641116722008,-0.3436641116722008
216280633,1,0,1,-0.010107272339709095,-0.010107272339709095
216295138,1,0,1,-0.2073829027980727,-0.2073829027980727
216295179,1,0,1,-0.7799572944028554,-0.7799572944028554
216295322,1,0,1,-0.15557564049315697,-0.15557564049315697
216295340,1,0,1,-0.700197251592892,-0.700197251592892
216318539,1,0,1,0.3379362317550556,0.3379362317550556
216319316,1,0,1,0.6007500577691971,0.6007500577691971
216319318,3,0,3,-0.12206938309246611,-0.12206938309246611
216396218,1,0,1,-0.7322646070124152,-0.7322646070124152
216396958,1,0,1,-0.10286424528477722,-0.10286424528477722
216397035,2,0,2,-0.1826903297250615,-0.1826903297250615
216471258,3,0,3,-0.4205106148729946,-0.4205106148729946
216471266,3,0,3,-0.07797862513634597,-0.07797862513634597
216495132,1,0,1,0.385628919145494,0.385628919145494
218200894,1,0,1,-1.6666253806610087,-1.6666253806610087
218201136,3,0,3,-0.20836239523228364,-0.20836239523228364
218201146,1,0,1,0.023997160575536025,0.023997160575536025
218201842,1,0,1,-0.07949634597712008,-0.07949634597712008
218201869,1,0,1,-0.4316500934752483,-0.4316500934752483
218208853,1,0,1,0.1589926919542397,0.1589926919542397
219008255,2,0,2,0.21582504673762415,0.21582504673762415
219582821,3,0,3,-0.5349683883041054,-0.5349683883041054
219953046,5,1,4,0.13840284094805694,0.7205302712376009
220197200,3,0,3,-0.5017372943333376,-0.5017372943333376
220199479,4,0,4,0.3993038822201035,0.3993038822201035
220871005,1,0,1,-0.1690999642939488,-0.1690999642939488
223495843,2,0,2,0.1256579892186787,0.1256579892186787
224157523,11,3,8,0.39119216029113946,0.21778368748512633
224189473,3,0,3,-0.23295717346445188,-0.23295717346445188
227008634,1,0,1,-0.6802464037463167,-0.6802464037463167
229330294,2,0,2,-0.07457455822368764,-0.07457455822368764
234571930,18,1,17,0.01147636598744665,0.08031078744653616
236150518,1,0,1,-0.1759783881513215,-0.1759783881513215
236216255,2,0,2,-0.6404982307577571,-0.6404982307577571
236279994,1,0,1,0.07949634597711963,0.07949634597711963
237349649,1,0,1,-1.122003769561275,-1.122003769561275
237349651,3,0,3,-0.08474300033982078,-0.08474300033982078
237413660,1,0,1,0.5289919476177078,0.5289919476177078
240267589,1,0,1,-0.08840276308122519,-0.08840276308122519
240789348,3,0,3,0.02519768785533157,0.02519768785533157
240789388,2,0,2,0.09334088781322247,0.09334088781322247
240818619,2,0,2,-0.23541626174632468,-0.23541626174632468
241868937,1,0,1,-0.7520045138978069,-0.7520045138978069
242390691,1,0,1,-0.6007500577691971,-0.6007500577691971
245554909,2,0,2,-0.06137342798656675,-0.06137342798656675
250732487,4,0,4,-0.6360488571071965,-0.6360488571071965
251214441,2,0,2,-0.22727570849162593,-0.22727570849162593
253036808,1,0,1,-0.9714468368860576,-0.9714468368860576
253405494,11,5,6,0.5590815319685638,1.0782991974708807
258230612,1,0,1,-0.2259424916773669,-0.2259424916773669
261405626,4,0,4,0.0025268180849268296,0.0025268180849268296
261443942,3,1,2,0.48276508762397324,0.6334929533823406
269484294,1,0,1,-0.6903536760860263,-0.6903536760860263
269830592,1,0,1,-0.6802464037463172,-0.6802464037463172
272090378,2,0,2,-0.5610018847806373,-0.5610018847806373
274390570,1,0,1,0.09971089065653738,0.09971089065653738
277608612,3,0,3,-0.25324758324114577,-0.25324758324114577
277608613,4,0,4,-0.35172295130620324,-0.35172295130620324
278854526,1,1,0,-1.5967394685092744,
279010739,1,0,1,-0.7363748504157797,-0.7363748504157797
279322268,1,0,1,-0.3267809444683425,-0.3267809444683425
279660917,3,0,3,-0.2047524269126071,-0.2047524269126071
279881686,2,0,2,-0.3408509316581787,-0.3408509316581787
279946162,1,0,1,0.07949634597711963,0.07949634597711963
280192327,1,0,1,-0.5446216110997342,-0.5446216110997342
294509500,2,0,2,-0.36718543187702934,-0.36718543187702934
294929542,1,0,1,-0.4215348128017795,-0.4215348128017795
294929624,1,0,1,0.05612844666946337,0.05612844666946337
295098963,1,0,1,0.0,0.0
295098978,2,0,2,-0.03974817298856004,-0.03974817298856004
295238183,2,0,2,-0.7313212142459258,-0.7313212142459258
295238199,1,0,1,-0.02336789930765759,-0.02336789930765759
297928885,1,0,1,-0.08723458180275001,-0.08723458180275001
300221979,1,0,1,-0.07412392645791321,-0.07412392645791321
300222070,2,0,2,-0.7199945767348772,-0.7199945767348772
300222176,1,0,1,-0.6007500577691971,-0.6007500577691971
300222314,1,0,1,-0.18743205495149784,-0.18743205495149784
300400296,1,0,1,-0.31483202928024046,-0.31483202928024046
300517546,2,0,2,0.1149878736288461,0.1149878736288461
300544631,3,1,2,0.4357872048216773,0.569924638863307
303209220,7,0,7,0.19689838876496982,0.19689838876496982
303931906,1,0,1,-1.7853458787359306,-1.7853458787359306
304863348,4,0,4,-0.3898603937784375,-0.3898603937784375
305038186,2,0,2,-0.36072990560965645,-0.36072990560965645
305471832,4,0,4,-0.015966670623773216,-0.015966670623773216
305471853,2,0,2,-0.5610018847806375,-0.5610018847806375
305472107,1,0,1,-0.07949634597711963,-0.07949634597711963
305472118,2,0,2,-0.42225236658105847,-0.42225236658105847
305472138,1,0,1,-1.122003769561275,-1.122003769561275
305472158,1,0,1,-0.5365820191794186,-0.5365820191794186
305554141,4,0,4,-0.10495931732143671,-0.10495931732143671
305688224,1,0,1,0.09644236262918193,0.09644236262918193
305688227,4,1,3,-0.36476207602274413,-0.6537476217539439
305730789,1,0,1,0.7698500220631463,0.7698500220631463
310828484,3,0,3,-0.09055582908219595,-0.09055582908219595
310828537,1,0,1,-0.293648255980826,-0.293648255980826
310979268,1,0,1,-0.9054748147097293,-0.9054748147097293
311052348,3,0,3,-0.08897613364287309,-0.08897613364287309
313252337,1,0,1,-1.3371249081849772,-1.3371249081849772
314576171,3,1,2,-0.032974400458360385,-0.4558220901681942
315836745,1,0,1,-0.3541102111527987,-0.3541102111527987
316172806,1,0,1,-0.5281696185143003,-0.5281696185143003
316393364,1,0,1,-0.019464616896530895,-0.019464616896530895
316812712,3,0,3,-0.23564500777498587,-0.23564500777498587
318726842,2,0,2,-0.07562722806430489,-0.07562722806430489
320327930,1,0,1,-1.2015001155383946,-1.2015001155383946
320327967,1,0,1,-0.27124958529316556,-0.27124958529316556
320593022,4,0,4,0.035840757118053235,0.035840757118053235
320593058,2,0,2,-0.8719996430623629,-0.8719996430623629
320810322,1,0,1,0.010107272339709095,0.010107272339709095
320810324,2,0,2,-1.1464895945568656,-1.1464895945568656
320818605,3,0,3,-0.15015998787188378,-0.15015998787188378
323120722,1,0,1,-1.2648240905129278,-1.2648240905129278
324984724,18,3,15,-0.21527334255004707,-0.021849338676515232
333128317,1,0,1,0.34880239652368195,0.34880239652368195
336136816,2,1,1,0.353863364311064,-0.07852711735712337
363560149,8,1,7,-0.03407749209302906,0.041283960837737034
379399457,4,1,3,-0.021897847387934988,0.18349754880968336
385164041,3,1,2,-0.04441751448789377,-0.15826024014893347
385478465,2,0,2,-0.6685624540924886,-0.6685624540924886
385531142,2,0,2,-0.23256263256130727,-0.23256263256130727
388083150,1,0,1,0.385628919145494,0.385628919145494
388998056,1,0,1,0.6298252154468895,0.6298252154468895
394207066,2,0,2,0.011927065128850334,0.011927065128850334
394239785,3,0,3,-0.12710311962767099,-0.12710311962767099
398506290,17,2,15,0.10089592662961817,0.10609921585009424
399675976,2,0,2,-0.15432559052024253,-0.15432559052024253
405064112,1,0,1,-0.9708519342102049,-0.9708519342102049
405148677,2,0,2,0.039748172988559816,0.039748172988559816
407636919,1,0,1,-1.2911037338552238,-1.2911037338552238
407699585,2,0,2,-0.6832125461273069,-0.6832125461273069
410013819,1,0,1,0.07175811015149014,0.07175811015149014
410479185,2,0,2,-0.2079818247491485,-0.2079818247491485
412480988,1,0,1,-0.7363748504157797,-0.7363748504157797
413380797,1,0,1,-0.017845508165338142,-0.017845508165338142
413380799,1,0,1,0.0,0.0
416204120,1,0,1,0.07949634597711963,0.07949634597711963
416220601,1,0,1,-0.6802464037463172,-0.6802464037463172
424079174,6,1,5,0.11244688041639055,-0.24800158520356813
449752909,1,1,0,23.46849089484698,
453584752,1,0,1,0.43165009347524874,0.43165009347524874
458486998,1,0,1,-1.1259070519724008,-1.1259070519724008
458934638,4,1,3,0.039241108321153906,-0.1302667915877588
459210884,3,0,3,-0.07962923468728327,-0.07962923468728327
459771788,1,0,1,-0.07998257692716404,-0.07998257692716404
460320411,1,0,1,-0.7597427497234372,-0.7597427497234372
463230687,13,0,13,-0.2222299931097198,-0.2222299931097198
463616358,1,0,1,-0.6680656437262642,-0.6680656437262642
463616806,1,0,1,-0.23766721018605952,-0.23766721018605952
464011811,1,0,1,-0.012127749186799264,-0.012127749186799264
464603758,1,0,1,-0.40899681845315117,-0.40899681845315117
464771772,1,0,1,-0.6903536760860258,-0.6903536760860258
465131473,1,0,1,-0.20332642855618,-0.20332642855618
465644404,1,0,1,0.46512526512261454,0.46512526512261454
468412982,16,2,14,0.17585487561007979,0.1492709391722922
474353449,3,0,3,-0.1966308471162678,-0.1966308471162678
482143373,1,0,1,-0.07949634597712052,-0.07949634597712052
482284179,1,0,1,-0.46512526512261454,-0.46512526512261454
482569096,2,0,2,0.0,0.0
482575379,1,0,1,-0.07949634597712008,-0.07949634597712008
482624716,1,0,1,-1.0324001512444458,-1.0324001512444458
482673821,2,0,2,-0.03779653178299691,-0.03779653178299691
482734854,1,0,1,-0.1690999642939488,-0.1690999642939488
482827421,2,0,2,-0.09225658564580241,-0.09225658564580241
482992934,1,0,1,0.271249585293166,0.271249585293166
483481921,1,0,1,0.33793623175505516,0.33793623175505516
483591925,3,0,3,-0.2840162650719293,-0.2840162650719293
483763972,2,0,2,-1.2412482885269542,-1.2412482885269542
484752531,1,0,1,-0.2643632052662559,-0.2643632052662559
484795289,1,0,1,-1.2015001155383946,-1.2015001155383946
486599885,1,0,1,-0.7597427497234368,-0.7597427497234368
487110615,1,0,1,-1.1118964972215655,-1.1118964972215655
488842112,1,0,1,-0.42180651796838164,-0.42180651796838164
490116952,1,0,1,-0.4316500934752483,-0.4316500934752483
491214950,2,0,2,-0.227989606534571,-0.227989606534571
492027857,2,0,2,-0.18363986382788866,-0.18363986382788866
492498141,15,2,13,0.024250244777948918,0.07289569831375778
493888564,2,0,2,-0.3798713748617184,-0.3798713748617184
494010106,1,0,1,-0.21020688305047308,-0.21020688305047308
494067043,2,0,2,-0.30379440104077515,-0.30379440104077515
496549942,18,4,14,0.09691618891714085,0.15452931043987506
496589607,1,0,1,0.1589926919542397,0.1589926919542397
497393315,2,0,2,-0.08346494021917383,-0.08346494021917383
498293256,3,0,3,-0.020010576360196392,-0.020010576360196392
498309189,2,0,2,-0.7647963858932916,-0.7647963858932916
498313605,3,1,2,0.04192707237990545,-0.16861080373474735
498408353,2,0,2,-0.038911604407184,-0.038911604407184
498463162,2,0,2,-0.38984679878500583,-0.38984679878500583
498774109,2,0,2,-0.27734328152668297,-0.27734328152668297
498818624,2,0,2,-0.42972682018998754,-0.42972682018998754
499568783,2,0,2,-0.3589414231614878,-0.3589414231614878
499592284,2,0,2,-0.7103787856494639,-0.7103787856494639
499592286,1,0,1,0.521253711792077,0.521253711792077
499645256,1,0,1,-0.5212537117920775,-0.5212537117920775
499708361,1,0,1,-0.7597427497234368,-0.7597427497234368
499736260,1,0,1,-0.01617237100258695,-0.01617237100258695
499894262,3,0,3,-0.014439582384744151,-0.014439582384744151
501661315,1,0,1,0.04839021084383255,0.04839021084383255
502733856,1,0,1,-1.129742005386905,-1.129742005386905
503627188,2,0,2,-0.4157504299374635,-0.4157504299374635
509403934,1,0,1,0.08663749430846401,0.08663749430846401
509412343,1,0,1,-0.5983810212551193,-0.5983810212551193
509780404,1,0,1,0.5313609841317866,0.5313609841317866
509846839,1,0,1,-0.5212537117920775,-0.5212537117920775
510000385,1,0,1,-4.440892098500626e-16,-4.440892098500626e-16
510237912,2,0,2,-0.6007500577691973,-0.6007500577691973
510291885,2,0,2,-0.49959433821496124,-0.49959433821496124
510311639,1,0,1,0.15368978176015702,0.15368978176015702
510691376,1,1,0,0.48190512330617885,
512953614,1,0,1,-0.07949634597711963,-0.07949634597711963
513589734,1,0,1,0.21512113862370352,0.21512113862370352
513801056,1,0,1,-0.165196681882823,-0.165196681882823
514153440,1,0,1,-0.6270297011114927,-0.6270297011114927
514267647,2,1,1,0.3574339384767362,0.008110376951340648
514314667,1,0,1,-0.05612844666946293,-0.05612844666946293
514335097,1,0,1,4.440892098500626e-16,4.440892098500626e-16
515549802,1,0,1,0.16136172846831842,0.16136172846831842
517141099,1,0,1,-0.031106135133287527,-0.031106135133287527
518078710,2,0,2,-0.7697181736467247,-0.7697181736467247
525719019,1,0,1,-0.07949634597712008,-0.07949634597712008
532298668,25,1,24,-0.08836637506719565,-0.059199245866854856
536422936,6,0,6,-0.020640670418493785,-0.020640670418493785
545742922,18,0,18,0.14984491322369387,0.14984491322369387
545788044,1,0,1,-0.3381532105405405,-0.3381532105405405
545892546,1,0,1,-0.1690999642939488,-0.1690999642939488
548887246,1,0,1,-0.0570347289192501,-0.0570347289192501
556135388,1,0,1,-2.0606900590855264,-2.0606900590855264
559576700,1,0,1,-1.7921429009678822,-1.7921429009678822
562646543,1,0,1,-1.7354290461544806,-1.7354290461544806
563633952,3,0,3,0.15343346581122944,0.15343346581122944
565336151,2,0,2,0.04480180915841436,0.04480180915841436
566865170,1,1,0,0.39030997227786113,
581152188,1,0,1,0.7932179213708039,0.7932179213708039
585247087,1,0,1,-0.23848903793136023,-0.23848903793136023
585480449,2,0,2,2.220446049250313e-16,2.220446049250313e-16
586685850,2,0,2,-0.42164428744925075,-0.42164428744925075
588562359,3,0,3,-0.0037184290955710373,-0.0037184290955710373
592928275,1,0,1,-0.13562479264658256,-0.13562479264658256
592928283,1,0,1,0.11799114250283438,0.11799114250283438
593144551,1,0,1,-0.1212353744949215,-0.1212353744949215
598131852,1,0,1,-1.354970416350315,-1.354970416350315
599518550,2,0,2,-0.3607800891117454,-0.3607800891117454
605894053,2,0,2,-0.33999135345673714,-0.33999135345673714
608252719,3,0,3,-0.12751541901984087,-0.12751541901984087
609156657,1,0,1,-0.8392390957005573,-0.8392390957005573
609156663,1,0,1,-0.08960361831682917,-0.08960361831682917
610047597,3,0,3,0.20623880594926733,0.20623880594926733
617604977,1,0,1,-1.2677358345475653,-1.2677358345475653
618856667,1,0,1,0.030260447415976,0.030260447415976
620229780,1,0,1,-1.129742005386905,-1.129742005386905
620704561,1,0,1,-0.06938907363741187,-0.06938907363741187
621578854,5,1,4,0.8759245535395536,0.9594643914468258
624366788,1,0,1,-0.6903536760860267,-0.6903536760860267
626316276,2,0,2,-0.12429815513553422,-0.12429815513553422
626327313,3,1,2,0.2077606801536788,-0.13794899233725766
628927477,1,0,1,1.2418140314981128,1.2418140314981128
631450670,2,0,2,-0.36818742520789005,-0.36818742520789005
633002422,1,0,1,-1.4792343178753238,-1.4792343178753238
633547933,1,0,1,0.07949634597712008,0.07949634597712008
634818951,1,0,1,0.07031580799048287,0.07031580799048287
635962474,1,0,1,-0.6802464037463167,-0.6802464037463167
641535146,1,0,1,-1.2809964615155143,-1.2809964615155143
641868299,3,0,3,-0.06391774643868182,-0.06391774643868182
643660064,1,0,1,0.08960361831682873,0.08960361831682873
644713450,1,0,1,0.24859631027106888,0.24859631027106888
646654876,3,0,3,-0.021107991658178005,-0.021107991658178005
648005736,1,0,1,-1.337124908184978,-1.337124908184978
648794921,1,0,1,-0.07949634597711963,-0.07949634597711963
649179212,1,0,1,-0.16136172846831842,-0.16136172846831842
650168126,3,0,3,0.02986787277227639,0.02986787277227639
652489625,1,0,1,-0.550328869469769,-0.550328869469769
652489632,1,0,1,-0.5067218326243683,-0.5067218326243683
659924072,1,0,1,0.1898886294374702,0.1898886294374702
671804639,7,1,6,0.05200212594373716,0.13855397633177832
682518250,2,1,1,0.36311105844933134,0.01946461689653134
689064910,1,0,1,0.5162203977598323,0.5162203977598323
703656949,2,0,2,-0.11382242779856244,-0.11382242779856244
714843217,5,2,3,0.0003461728802099717,-0.5414744069450074
717865608,4,0,4,-0.20148169871016552,-0.20148169871016552
733402050,1,0,1,-0.2025751359413146,-0.2025751359413146
738379012,16,3,13,-0.056558089784676094,-0.06305019611773452
738555490,1,0,1,-0.35074593127028564,-0.35074593127028564
739163405,4,1,3,0.12145378343015067,0.36401536342776203
748773084,1,0,1,0.6410639737289161,0.6410639737289161
748779812,1,0,1,-0.46512526512261454,-0.46512526512261454
753681263,1,0,1,-0.04331874715423156,-0.04331874715423156
758695510,2,0,2,0.11248235706528442,0.11248235706528442
763739842,1,0,1,0.6802464037463172,0.6802464037463172
764996192,2,0,2,-1.9474120266660813,-1.9474120266660813
768669969,1,0,1,-0.5291090575774668,-0.5291090575774668
770279182,36,3,33,0.07702659085464417,0.16646408123541717
783853974,1,0,1,-0.2392479303602797,-0.2392479303602797
793662553,1,0,1,-0.6108573301089062,-0.6108573301089062
793662945,1,0,1,-1.1453716688689313,-1.1453716688689313
797036989,5,1,4,-0.6649738029424564,-1.224847963767671
814812273,2,0,2,0.07695646613736168,0.07695646613736168
831235791,2,0,2,-1.1569361823905302,-1.1569361823905302
858981546,1,0,1,0.0350986383582268,0.0350986383582268
867013860,1,0,1,-0.3395767773175138,-0.3395767773175138
878445230,11,2,9,0.4740246297167101,0.6644765189736089
935065722,19,6,13,0.26522276194330424,0.8280373567786123
939605614,22,3,19,-0.02497387758035765,-0.05587096772235798
939834965,4,1,3,0.08316290103630869,0.6965980122340253
939899657,8,2,6,0.1777227219271289,-0.172801727200244
948782675,1,0,1,-0.08291339743820281,-0.08291339743820281
949605178,1,0,1,-0.07949634597712008,-0.07949634597712008
949778945,3,0,3,-0.027649566978509437,-0.027649566978509437
950026418,1,0,1,-0.7597427497234377,-0.7597427497234377
951572027,1,0,1,-1.1453716688689295,-1.1453716688689295
953933029,2,0,2,-0.09597861968535826,-0.09597861968535826
954222611,1,0,1,0.09944719382369449,0.09944719382369449
954481198,2,0,2,-0.018088799411444256,-0.018088799411444256
954522055,2,0,2,-0.3326571318588416,-0.3326571318588416
956167274,1,0,1,0.8967753585978628,0.8967753585978628
956169525,1,0,1,-0.21303894063129425,-0.21303894063129425
958679320,3,0,3,-0.06078686375396547,-0.06078686375396547
958921366,2,0,2,-0.3847931626151515,-0.3847931626151515
959960921,1,0,1,0.0077382358256299355,0.0077382358256299355
961922235,1,0,1,1.2650011179761016,1.2650011179761016
964152562,2,0,2,-0.02153853322241539,-0.02153853322241539
968107336,1,0,1,-0.44949560164058733,-0.44949560164058733
973407030,2,0,2,-0.6685624540924886,-0.6685624540924886
974242995,2,0,2,-0.17067824571084922,-0.17067824571084922
980793020,1,0,1,-0.3335691874243709,-0.3335691874243709
987865228,2,0,2,0.12187733769646014,0.12187733769646014
989348608,1,0,1,-0.7520045138978064,-0.7520045138978064
994333001,1,0,1,-0.02959091859980667,-0.02959091859980667
994565363,1,0,1,-0.07175811015149014,-0.07175811015149014
997264920,1,0,1,0.05612844666946204,0.05612844666946204
997289810,1,0,1,-0.8692972158868408,-0.8692972158868408
998294180,2,0,2,0.4426396871116084,0.4426396871116084
998300365,5,2,3,-0.7605460565096541,-1.4015174796527485
1000350108,2,0,2,-0.4359998215311818,-0.4359998215311818
1000436987,1,0,1,-0.40869546235846643,-0.40869546235846643
1004157220,3,0,3,0.19832380467268976,0.19832380467268976
1009887141,1,0,1,0.06548579122628562,0.06548579122628562
1022014385,2,0,2,0.457472385805761,0.457472385805761
1022238602,2,0,2,-0.3377107680286957,-0.3377107680286957
1041544707,3,1,2,0.4139197412722824,-0.2365456108991768
1044110177,1,0,1,-0.6108573301089062,-0.6108573301089062
1055924553,6,1,5,0.047468081526824836,-0.16427321615936244
1057039358,2,1,1,-0.2999143912443636,-0.9632228934191729
1059891476,1,0,1,-2.0870001786751886,-2.0870001786751886
1062263846,1,0,1,-0.9669219329725052,-0.9669219329725052
1062263890,2,0,2,0.12228237186901803,0.12228237186901803
1062263904,1,0,1,0.02634307957408799,0.02634307957408799
1072855280,1,1,0,1.3993163258206458,
1073332987,5,0,5,-0.06085514720143807,-0.06085514720143807
1099276408,1,0,1,-0.08960361831682917,-0.08960361831682917
1155312104,1,0,1,0.6102030093735098,0.6102030093735098
1158983628,2,0,2,-1.516474505299242,-1.516474505299242
1248868342,2,0,2,0.7023048631201836,0.7023048631201836
1258105118,1,0,1,1.0199993104082985,1.0199993104082985
1292733028,6,1,5,0.4292189566311775,-0.08082544052754766
1296685797,17,5,12,-0.07551224953821109,0.36194191255665475
1358303505,7,0,7,-0.07170620974956757,-0.07170620974956757
1392108840,6,1,5,-0.2748160777153033,-0.053278666074387894
1392108946,3,0,3,0.01916506662041184,0.01916506662041184
1392110536,1,1,0,-1.8100296618863003,
1392110550,3,2,1,-0.7690355817449864,-0.3947952953664613
1392110596,1,1,0,-2.0424275578532667,
1392110641,1,1,0,-1.6280381361493605,
1392110676,1,1,0,-1.8114557530659416,
1392110758,1,1,0,-1.8754874241239587,
1392111650,1,1,0,-1.7158704144765848,
1392112125,1,1,0,-2.2313475564551877,
1392112139,1,1,0,-1.7551764835539625,
1392115226,15,3,12,-0.24121628361734077,-0.06912095587271908
1392116822,37,3,34,-0.07316144431148269,-0.0018826869609624135
1392123240,7,2,5,-0.007231691272621957,0.3599749153206431
1392138525,13,2,11,-0.0034609715246564344,-0.08349275156141968
1392141981,8,1,7,0.36819833253884454,0.522291685521186
1392169660,19,3,16,-0.09622381716644259,-0.25682605711581674
1392196069,2,0,2,0.29915097406828495,0.29915097406828495
1392197125,12,2,10,-0.03643088098490684,-0.04539735360054298
1392690295,2,0,2,0.04044233852160006,0.04044233852160006
1393720360,8,1,7,-0.11335580213312035,-0.2188881988819435
1394306061,2,1,1,0.3478503598748983,-0.11748757262208409
1394373887,19,5,14,0.11414530736249388,-0.00716594017402442
1396969100,4,0,4,-0.3231173408995712,-0.3231173408995712
1396977510,1,0,1,-0.21512113862370308,-0.21512113862370308
1397145929,6,1,5,0.13314697841959827,0.43942849967338227
1402214430,1,0,1,0.13358381745968884,0.13358381745968884
1402841148,5,0,5,0.06556247784994218,0.06556247784994218
1409081993,6,2,4,0.15226246773079258,-0.4801351793909514
1411192451,5,1,4,-0.02909198723586113,0.12367291015460163
1417253430,6,0,6,0.2123490128968375,0.2123490128968375
1418361337,6,1,5,-0.12190670797197604,-0.5012094743434605
1419043042,4,0,4,0.06878397778791279,0.06878397778791279
1421425549,6,3,3,0.3025436042420812,-0.09740204860160769
1443536413,1,1,0,-0.3726582505537088,
1449709188,1,1,0,-0.4629283531156374,
1449709315,1,1,0,-0.3391715591323279,
1449710829,1,1,0,-0.37649042958919465,
1449710839,1,1,0,-0.3408966162078513,
1449710843,1,1,0,-0.41538642905417467,
1449710885,1,1,0,-0.332391325576761,
1449710888,1,1,0,-0.3592260852953022,
1449711005,1,1,0,-0.5003678410095085,
1449719953,1,1,0,-0.30127349103854284,
1449719968,1,1,0,-0.5284206371933813,
1449727511,1,1,0,-0.26650838417489164,
1449727643,1,1,0,-0.5537828339448712,
1449727652,1,1,0,-0.28836999079546644,
1449729868,1,1,0,-0.40706220718041597,
1449729994,1,1,0,-0.18471943369847876,
1449730189,1,1,0,-0.3794207376692933,
1449733727,1,1,0,-0.10320843654317713,
1449735396,1,1,0,-0.3920004226541587,
1449736642,1,1,0,-0.3710290798293632,
1449737409,1,1,0,-0.2174001834053878,
1449739750,1,1,0,-0.26416799059870955,
1449740560,1,1,0,-0.3136646594902128,
1449741224,1,1,0,-0.3832984629014604,
1449746136,1,1,0,-0.45150129499847824,
1449747111,1,1,0,-0.28006500931936285,
1449747344,1,1,0,-0.5807211998233854,
1449747357,1,1,0,-0.10732407915268505,
1449747475,1,1,0,-0.428185467576222,
1449748258,1,1,0,-0.4305627427188452,
1449751546,1,1,0,-0.42137877574339067,
1449751589,1,1,0,-0.4069698321135773,
1449751719,1,1,0,-0.4504540019630121,
1449758577,1,1,0,-0.5510762724633154,
1449758747,1,1,0,-0.710859515229739,
1449759604,1,1,0,-0.5880969673957668,
1449759754,1,1,0,-0.48405498019039417,
1449783045,1,1,0,-0.646792500996396,
1449784607,1,1,0,-0.2564603644070702,
1449800511,1,1,0,-0.21004497318097437,
1449814248,1,1,0,-0.5616257867597219,
1449814274,1,1,0,-0.37109381018778054,
1449814364,1,1,0,-0.4645694268612184,
1449814752,1,1,0,-0.3216153508828974,
1449815684,1,1,0,-0.35428228243910853,
1449848094,1,1,0,-0.20013392447543632,
1449863490,1,1,0,-0.40053948005702456,
1449878775,1,1,0,-0.2288170516734409,
1449879505,1,1,0,-0.160263431906994,
1449879875,1,1,0,-0.3965331127219103,
1449880254,1,1,0,-0.3564725449895614,
1449880779,1,1,0,-0.2290236916885502,
1449881750,1,1,0,-0.4426107532961414,
1449887314,1,1,0,-0.49687683597570853,
1449889807,1,1,0,-0.21733787778325642,
1449891244,1,1,0,-0.146671016902872,
1449938569,1,1,0,-0.5326180937703131,
1449950362,1,1,0,-0.48282587357334994,
1450174776,1,1,0,0.05170089663541577,
1451434617,9,0,9,-0.5577828307034163,-0.5577828307034163
1454509976,1,0,1,-2.380672076974595,-2.380672076974595
1457691200,1,1,0,0.8725967761290552,
1459247515,2,0,2,-0.7181878739094021,-0.7181878739094021
1459461633,1,0,1,0.04047400766445097,0.04047400766445097
1471493368,1,0,1,0.45733427342532407,0.45733427342532407
1474315510,4,0,4,0.039765654861996014,0.039765654861996014
1477948338,3,1,2,0.1596088872877326,0.004199243273250053
1515874322,2,0,2,0.07078340749512502,0.07078340749512502
1521226476,1,0,1,-0.44922389647398386,-0.44922389647398386
1524189631,1,0,1,0.0836233565697091,0.0836233565697091
1529429154,2,0,2,0.2088923192007235,0.2088923192007235
1567817484,15,0,15,-0.10067940347273331,-0.10067940347273331
1568356470,6,0,6,-0.2925404445373873,-0.2925404445373873
1582744143,2,0,2,0.028064223334731242,0.028064223334731242
1585930703,3,1,2,0.29395011327171394,0.05487839669654804
1587928377,7,0,7,0.37676600690233725,0.37676600690233725
1592771804,18,1,17,0.1094636066984278,0.16896730187704612
1593365570,17,0,17,0.11401195229354985,0.11401195229354985
1601054028,4,0,4,-5.726033920906898,-5.726033920906898
1605048648,3,0,3,-0.0036019042845031692,-0.0036019042845031692
1617102748,4,0,4,-0.0786843551988814,-0.0786843551988814
1709836916,2,0,2,-0.20744113469702086,-0.20744113469702086
1722770762,11,5,6,0.02738042717393249,0.10789789371182205
1761506622,1,0,1,-0.5766752338736523,-0.5766752338736523
1769736183,1,0,1,-0.2808385564655951,-0.2808385564655951
1771000163,12,2,10,3.938971242690039,3.7367607720572735
1771034425,2,0,2,-0.045495633449124606,-0.045495633449124606
1796419999,5,1,4,-0.4416122086345592,-0.09601606338002289
1820131988,1,0,1,-0.2007698985171733,-0.2007698985171733
1829050102,2,0,2,0.11924451896568011,0.11924451896568011
1830646420,3,1,2,0.28306208178717346,0.018088799411444256
1855320437,2,0,2,0.01585220705046808,0.01585220705046808
1868410263,4,0,4,0.5753185365118468,0.5753185365118468
1871183427,4,1,3,0.40286206813652103,0.0670588373920693
1880247611,1,1,0,-0.6294587182403963,
1911483289,1,0,1,0.25192418242270165,0.25192418242270165
1927879209,5,0,5,0.09285380291795775,0.09285380291795775
1928353954,2,0,2,-0.15218741500922817,-0.15218741500922817
1937099979,1,0,1,0.5298664881736377,0.5298664881736377
1982608547,4,1,3,-0.7388040042614498,-1.4544923754935493
2004412586,2,0,2,-0.07342529183222157,-0.07342529183222157
2004478653,5,2,3,-0.5491056733114712,-0.2750578757350623
2004478956,6,2,4,-0.3875508002021479,-0.10400597213190649
2004511914,3,0,3,0.23501797046321093,0.23501797046321093
2004731645,9,0,9,-0.14262795935075712,-0.14262795935075712
2004780153,8,0,8,-0.14107552012396257,-0.14107552012396257
2004869018,5,1,4,-0.35772506401713144,-0.22384818719960642
2005912533,2,1,1,-0.6839757765676481,-0.7208208951845798
2006029124,1,1,0,-0.914575504550733,
2006047477,1,0,1,-0.30254408733006977,-0.30254408733006977
2006423495,3,0,3,-0.031904563656951414,-0.031904563656951414
2006604953,2,1,1,-0.7139922407110377,-0.439821397439506
2006718594,1,0,1,-0.15500125037396084,-0.15500125037396084
2009239953,3,0,3,0.2524629147568351,0.2524629147568351
2009506179,6,0,6,0.2860784466847226,0.2860784466847226
2012596130,2,0,2,0.12550180838489566,0.12550180838489566
2021783674,1,0,1,-0.6711812967187671,-0.6711812967187671
2023219812,3,0,3,-0.04626612337778302,-0.04626612337778302
2065926040,5,1,4,-0.11138653913431051,0.03080897640991931
2069724493,8,3,5,-0.377773984498881,-0.15453934479763207
2074287762,5,1,4,0.46275725024330094,0.38137166436347586
2081633662,3,0,3,-0.09019006132989944,-0.09019006132989944
2124106158,1,0,1,0.061159436937943124,0.061159436937943124
