a_id,t_death,pre_vol,tail_vol
2143743303,2021-05-03,876.6,37.416666666666664
734267369,2020-06-12,150.8,7.358208955223881
295526,2022-03-24,21.0,9.861878453038674
62776894,2020-01-23,174.8,19.91780821917808
410485165,2020-04-02,12.6,6.129032258064516
288882,2020-08-12,189.8,90.80451127819549
20508130,2020-02-14,129.8,9.420245398773005
140562,2022-02-01,123.2,54.9
433836,2019-11-16,81.0,3.8430851063829787
1995668239,2021-04-15,541.8,54.46153846153846
58346,2022-04-04,11.6,1.875
398546316,2021-03-30,268.6,38.78817733990148
1392212967,2021-12-14,171.6,38.04761904761905
2000480378,2021-04-18,197.8,55.57142857142857
458666809,2020-04-16,123.6,11.978260869565217
1392690295,2021-02-02,131.8,22.955555555555556
2080241728,2023-02-26,36.2,1.0
242944,2019-08-17,121.6,5.997950819672131
150176,2021-04-28,8.2,1.8076923076923077
1400548964,2021-07-17,520.8,62.22727272727273
999350225,2020-08-04,49.8,6.116883116883117
128663,2021-05-06,10.2,1.7954545454545454
1992445046,2021-04-09,1082.2,131.53658536585365
379363540,2020-06-30,368.2,149.85496183206106
290038031,2022-05-10,33.2,15.25
2006749624,2021-04-15,281.0,30.0
942886279,2020-09-19,206.0,9.767857142857142
70510456,2020-01-22,23.8,4.65
1919932540,2022-07-15,49.2,11.0
247569,2019-08-29,39.6,16.70175438596491
2004805849,2021-04-14,321.0,65.13333333333334
612258730,2021-12-11,60.2,7.954545454545454
124340,2022-07-29,130.8,30.4
126990,2019-06-18,114.4,6.670411985018727
829360581,2020-08-29,26.2,1.0789473684210527
164210,2021-04-03,7.8,3.58
2046509307,2021-05-31,52.4,13.166666666666666
829425812,2020-07-31,37.0,8.170731707317072
245505508,2020-03-20,101.4,15.866141732283465
877525840,2020-07-20,39.8,1.4901960784313726
282904,2021-11-13,19.8,8.881226053639846
2006468793,2021-04-16,207.2,67.1304347826087
2121377955,2022-05-02,35.6,1.0
2144978327,2021-09-11,110.0,25.75
50474,2020-07-02,11.8,1.0
41683,2019-06-02,290.2,40.691616766467064
131839,2022-02-14,27.8,1.0555555555555556
61365929,2020-02-20,5.6,2.0132890365448506
671322131,2020-06-02,63.2,16.708333333333332
2004413598,2021-04-15,932.0,82.11538461538461
808873954,2021-07-31,219.4,76.0
188214,2019-07-16,21.2,9.0
292177,2021-04-09,7.2,3.458715596330275
469213,2022-02-25,56.6,1.5555555555555556
272857,2021-06-08,61.0,21.8
1211264129,2021-04-07,20.4,2.208791208791209
1459461633,2021-05-27,22.4,3.125
604929457,2020-05-29,679.0,43.94017094017094
434928,2019-12-03,25.0,9.614186851211073
262935,2021-03-25,285.0,110.44444444444444
91190,2020-03-18,61.0,28.4
301489,2022-05-17,38.6,10.664429530201343
1474315510,2021-07-26,33.4,3.3736263736263736
245583233,2020-05-05,10.2,1.9166666666666667
2064419233,2021-08-29,183.8,49.23684210526316
1466154083,2021-09-24,119.6,39.5
1611203741,2022-01-13,319.4,66.3
55740,2019-06-13,6.8,2.6650563607085345
280409,2019-09-07,52.8,7.702643171806168
2082122407,2021-08-25,93.0,25.764705882352942
106114,2021-10-03,423.0,12.75
1401546516,2021-02-20,5.2,2.4146341463414633
964152562,2021-02-23,6.0,1.880952380952381
741630295,2020-06-11,85.6,5.7711442786069655
1140123948,2021-12-20,252.6,43.22857142857143
1816166434,2021-05-13,39.0,17.944881889763778
1347336160,2021-10-20,84.8,40.333333333333336
306083582,2020-05-13,33.2,5.8
361111,2019-10-20,113.4,29.393939393939394
64524,2022-08-15,63.4,1.0
399837643,2020-03-29,96.4,11.11875
1401520090,2021-02-26,5.2,2.3947368421052633
745385870,2020-07-26,34.2,4.129032258064516
85454,2021-03-25,11.2,1.6153846153846154
190248,2019-07-16,9.8,2.7777777777777777
1401566659,2021-02-20,5.2,1.8095238095238095
242875,2019-09-09,156.0,9.005952380952381
526159,2020-01-10,47.6,5.008333333333334
242946,2019-09-02,164.6,9.09966777408638
138527572,2020-09-29,494.2,6.888888888888889
318335,2021-09-09,12.4,3.5
2036559927,2022-06-25,62.6,24.4
1076602086,2021-08-29,92.2,25.416666666666668
124320,2022-12-17,48.2,2.423076923076923
700136670,2020-07-01,103.4,5.305084745762712
198981,2021-01-13,20.2,6.681318681318682
108049,2022-06-28,19.4,7.05511811023622
1992288542,2021-10-19,191.0,30.846153846153847
432532,2019-11-16,35.8,3.25
106318,2021-12-08,31.2,3.142857142857143
428090,2019-12-12,59.6,4.0
277612,2019-09-14,95.0,11.619047619047619
262682707,2020-04-03,66.6,30.0126582278481
42640,2019-04-25,226.2,25.164835164835164
1392274211,2021-01-29,50.2,13.630952380952381
356788,2020-08-30,5.8,1.3666666666666667
446690,2021-04-02,214.4,48.5
1863066499,2021-04-15,304.2,80.84
163995,2019-06-18,137.0,1.2296747967479675
77334,2022-03-16,21.4,1.40625
298800882,2020-03-20,235.8,63.39473684210526
597390137,2021-10-28,148.0,49.333333333333336
113372,2019-05-25,30.8,1.8421052631578947
1293828307,2021-09-05,102.2,33.4
800189186,2020-07-04,111.2,22.08421052631579
223035,2022-01-11,7.2,3.4857142857142858
148242,2019-08-30,30.0,2.1588235294117646
1820972969,2021-10-31,14.8,4.172413793103448
958760082,2021-03-25,7.0,1.2222222222222223
1396003788,2021-09-09,49.0,22.5
175943,2022-05-15,25.2,8.371621621621621
213791633,2022-05-04,41.8,6.363636363636363
447022,2019-12-26,13.6,1.3333333333333333
318978,2022-05-20,43.8,7.342465753424658
44440,2019-11-13,10.6,1.0
187708404,2022-05-27,159.0,24.5
998676212,2020-08-16,340.6,12.154362416107382
44910,2022-09-24,37.8,5.75
1599408162,2021-09-01,431.6,17.5
1928855058,2021-06-08,691.6,78.42857142857143
463964013,2022-08-24,39.8,2.0
1435470213,2021-09-01,134.8,22.416666666666668
311329,2022-06-27,18.6,6.776
1492164194,2021-11-17,330.4,96.83333333333333
2010595501,2021-12-06,129.0,7.0
1401539790,2021-03-22,5.2,1.9655172413793103
274881945,2023-02-11,9.0,2.3333333333333335
447470,2019-12-07,67.4,8.277929155313352
342433,2020-01-30,118.6,9.401234567901234
217145,2022-08-16,45.6,1.2
186168,2019-07-10,27.8,2.449275362318841
136803,2022-07-20,55.2,1.1666666666666667
1995669268,2021-04-16,174.2,59.130434782608695
447315,2021-10-25,18.0,2.0
91599,2020-02-06,110.8,43.33762886597938
1485655039,2021-10-15,132.2,47.0
2029925392,2022-07-04,286.6,40.875
48906,2022-03-05,24.0,1.1
521414760,2021-05-06,5.0,1.8181818181818181
826154734,2020-08-06,31.8,13.96987951807229
393357,2020-04-03,62.8,14.227272727272727
231625,2020-10-03,37.6,7.934210526315789
52406,2019-06-20,7.6,1.894736842105263
111768,2019-09-09,74.4,3.732739420935412
463362588,2020-04-20,42.6,1.209016393442623
993356237,2021-03-09,10.8,2.659090909090909
464308,2022-01-29,8.4,3.727272727272727
47455,2021-12-09,80.2,4.388888888888889
180762,2020-07-15,185.2,40.291666666666664
127849,2022-08-17,33.4,1.0
2015149826,2022-09-15,101.4,46.0
1878860034,2021-04-10,184.4,43.611111111111114
738313503,2020-06-23,249.0,27.46969696969697
2142876559,2021-05-03,4792.6,69.65384615384616
2004746119,2021-07-09,47.0,22.2
315552,2022-05-16,32.2,8.306666666666667
195828,2021-02-09,26.6,8.95924764890282
1711063507,2021-06-23,120.0,29.489795918367346
309614,2019-12-07,28.8,7.595238095238095
1625861749,2021-08-22,165.0,15.23076923076923
2144282013,2021-06-12,170.6,36.55555555555556
1394415656,2021-05-12,31.2,5.2952755905511815
799281374,2020-07-17,130.8,23.19090909090909
1393052443,2022-08-09,51.4,24.666666666666668
2139147724,2021-09-22,217.4,42.76
462476,2021-11-30,240.2,62.05
106153,2020-05-29,115.4,53.76923076923077
455540,2020-02-11,11.0,5.412140575079873
246055,2019-09-11,40.2,16.035398230088497
159942,2022-10-08,107.8,3.0
459210884,2021-02-23,5.0,1.2173913043478262
47921,2022-02-14,26.8,1.2162162162162162
1401519241,2021-03-13,5.4,2.138888888888889
530138,2020-01-08,305.8,12.167115902964959
106847,2021-08-31,5.8,1.037037037037037
46554,2019-05-07,95.4,4.039735099337748
397044,2022-09-24,68.2,2.5625
1601076482,2021-02-16,172.4,49.63358778625954
76011,2022-02-14,16.8,1.2307692307692308
1757083117,2021-04-17,462.8,108.1
1011585171,2020-08-13,51.0,7.483660130718954
1244233732,2021-02-09,7.6,1.0232558139534884
157746,2019-07-22,12.0,3.6666666666666665
269768,2019-09-03,7.2,1.4615384615384615
463222220,2020-04-25,32.2,1.0
1584922507,2021-05-07,77.6,7.748344370860927
2131253130,2021-11-02,357.0,53.75
104877,2023-01-13,407.8,32.0
958851173,2022-05-02,14.0,3.5319148936170213
742566248,2020-06-23,15.4,6.352941176470588
152253,2022-08-16,15.8,1.0
1538104911,2021-05-10,134.2,43.5
739739073,2021-08-05,177.8,54.43589743589744
144695,2022-09-21,41.8,20.0
137233,2021-06-08,7.6,3.746031746031746
1719968616,2021-08-06,72.0,20.46153846153846
498460,2020-01-08,271.2,27.334246575342465
2115949720,2021-04-29,3348.8,82.10679611650485
1397693122,2022-08-09,458.8,39.5
1401533182,2021-03-11,5.2,2.03125
44948,2021-11-07,204.8,101.41732283464567
103313,2021-09-30,225.2,12.142857142857142
1057020348,2020-08-30,27.0,13.295454545454545
1049515270,2021-11-30,129.6,44.57142857142857
1137267206,2020-09-12,184.2,55.125
1282974940,2021-06-17,8.4,2.414141414141414
298496,2022-05-20,36.2,10.308219178082192
2146615174,2021-05-29,150.8,59.166666666666664
1575086261,2021-02-10,77.8,27.80263157894737
463407405,2020-04-25,28.0,3.0
294778,2022-06-27,17.6,7.229629629629629
803947885,2020-07-12,29.2,14.173913043478262
1322869902,2021-09-18,31.6,2.131868131868132
278269,2019-09-07,110.6,15.25
329262,2022-02-25,22.0,1.7058823529411764
133734,2022-05-15,55.0,8.125
318122,2022-05-16,45.4,9.948148148148148
1920409215,2021-12-30,124.2,36.0
108813,2019-06-18,10.8,2.391304347826087
1072832869,2021-08-20,80.6,1.0
605781999,2021-04-18,43.6,7.5
91565,2022-10-01,5.0,1.9655172413793103
191249,2022-12-26,7.2,1.9259259259259258
1495218413,2022-05-07,91.2,31.0
606514792,2020-06-04,24.4,3.3125
139419,2023-01-28,188.4,2.5
89613,2021-05-12,7.4,1.1428571428571428
69853320,2021-10-14,73.0,34.08
1401531371,2021-02-25,7.8,2.0555555555555554
1963017110,2022-05-04,59.0,29.0
1394435446,2021-05-02,153.2,47.693548387096776
277636,2022-07-02,146.0,36.0
126857,2019-05-31,474.6,41.53393665158371
998358902,2020-08-17,31.2,10.310344827586206
1409995108,2021-02-20,6.2,2.3513513513513513
44014,2021-12-20,19.2,3.0
1895289511,2021-05-06,71.8,11.0
189584094,2020-02-14,96.4,13.733333333333333
1459501219,2021-02-02,157.0,64.81100478468899
432682,2019-12-06,56.6,5.157894736842105
1397574592,2021-08-03,245.8,54.48
136529,2019-06-28,16.0,6.15605749486653
1393227549,2021-02-20,7.4,2.395348837209302
105087411,2021-10-28,11.6,1.4054054054054055
1392206996,2021-02-23,24.0,4.137931034482759
2004905379,2021-04-17,933.0,143.65
945867488,2020-07-28,67.2,13.421052631578947
241803,2021-03-25,5.0,1.8
112631,2021-07-01,74.4,33.00917431192661
2142893537,2021-05-05,716.8,54.04347826086956
1061994059,2020-08-23,80.0,2.5714285714285716
41801,2022-04-17,44.6,6.058441558441558
98043,2021-08-04,936.4,20.4
243088,2019-08-18,67.0,4.638297872340425
1287501301,2020-10-06,76.6,1.6914893617021276
719761320,2020-06-20,35.0,4.598958333333333
1058067012,2022-01-27,53.6,26.3125
1112449096,2020-09-05,26.2,4.413793103448276
1607787737,2021-07-28,88.4,28.454545454545453
694173729,2020-06-08,5167.6,1622.1589743589743
50648,2020-10-13,102.6,49.45762711864407
607301400,2020-06-14,38.6,11.996932515337424
1559575046,2022-12-28,65.8,13.6
1957344825,2021-05-08,66.0,3.0434782608695654
432763,2019-11-13,97.8,28.0
46989,2019-04-20,27.6,11.40625
434274,2019-11-16,159.0,43.743589743589745
313906,2022-05-15,56.4,8.039735099337749
224365,2022-10-03,34.4,2.0
242899,2019-08-17,49.4,6.686067019400353
185606,2021-04-02,16.0,2.257425742574257
1352564245,2021-01-14,397.2,10.445652173913043
1392164726,2021-06-07,175.6,49.592592592592595
1290876311,2021-12-13,84.2,28.176470588235293
1457981896,2022-01-12,60.4,13.148148148148149
285013035,2021-08-21,9.4,3.740740740740741
62930,2019-05-18,93.4,11.80952380952381
142528,2020-09-19,23.2,5.769230769230769
256538,2022-07-19,30.8,1.0
2116088209,2021-05-01,357.0,71.02777777777777
2143961015,2021-05-13,603.0,69.14285714285714
1393712695,2021-02-21,20.8,8.316521739130435
159923,2022-12-15,126.6,5.84
61824,2021-07-20,116.4,45.75
42803,2021-10-10,55.2,26.25581395348837
241138,2021-06-06,13.2,5.338582677165355
1401507825,2021-02-15,6.6,2.3333333333333335
142205,2019-05-29,696.2,31.333333333333332
1395815597,2021-04-03,219.0,13.8
1406119342,2022-02-02,67.6,1.0
2005224107,2021-06-30,148.2,44.523809523809526
403939272,2021-06-26,140.6,18.7
280972,2019-09-06,36.6,1.2299107142857142
175818,2023-02-22,9.4,4.625
734434651,2020-06-11,252.0,10.754716981132075
175580,2022-08-09,62.0,1.5
230881338,2021-11-09,79.0,15.052631578947368
319763,2022-05-15,30.6,6.782608695652174
189895884,2021-07-12,115.6,46.68292682926829
152754,2021-12-10,5.6,2.4776119402985075
832243772,2020-08-04,19.6,8.402877697841726
237120,2020-03-08,317.4,73.78625954198473
106503,2020-05-18,117.0,29.42156862745098
2026790392,2021-04-15,624.2,14.79816513761468
243205,2021-10-02,132.6,52.12820512820513
1394525496,2021-07-22,138.8,41.916666666666664
140387,2022-12-14,54.2,2.32
1145957170,2020-09-07,40.0,5.925
145864,2021-12-29,8.2,2.192982456140351
319776,2022-06-03,9.0,3.4444444444444446
253188,2021-04-01,37.0,6.0344827586206895
1048301473,2020-08-15,5.4,2.0615384615384613
1409952622,2021-03-04,6.6,2.1538461538461537
88057,2021-09-09,5.2,1.28125
2081425906,2021-04-15,1132.8,143.61904761904762
1392122366,2021-05-26,519.6,54.87601078167116
457639,2020-01-13,33.6,4.714705882352941
1126605262,2022-02-13,42.0,17.19838056680162
108055,2020-09-02,110.8,11.88888888888889
2007786601,2021-04-14,346.2,72.9375
1845246618,2021-06-02,237.6,93.87387387387388
730698283,2022-06-03,54.8,22.0
426247,2019-11-12,363.4,6.840193704600484
1392388552,2021-10-16,201.4,19.38095238095238
1386493211,2022-05-13,421.4,182.659793814433
310914840,2020-06-15,7.0,2.4485981308411215
521419071,2022-12-15,120.0,2.32
110378,2020-07-31,145.6,35.11570247933884
1165158241,2020-09-15,10.6,4.2298507462686565
1471170582,2021-02-03,268.4,10.770491803278688
1056233796,2021-10-02,97.8,40.468401486988846
1009025113,2021-02-04,12.8,5.576923076923077
168324,2021-05-09,5.2,1.6428571428571428
51453,2019-04-25,19.6,4.668639053254438
455796,2020-02-27,14.4,1.2780898876404494
232271844,2022-08-24,52.2,6.3
2005762517,2021-04-15,351.6,92.46153846153847
1744204095,2021-05-17,1330.8,165.61971830985917
814070956,2022-03-19,32.2,13.0
293959,2022-05-21,36.4,7.711267605633803
1600370818,2021-02-20,53.6,4.364406779661017
427209,2019-12-02,38.4,5.229982964224872
131971173,2022-07-21,109.2,34.041666666666664
302251,2021-04-07,30.4,9.902004454342984
232439,2022-08-24,88.8,1.3333333333333333
297657231,2020-07-10,7.6,2.8780487804878048
2021338242,2021-07-17,50.6,3.909090909090909
309677,2019-11-09,36.2,7.648648648648648
277826,2019-09-10,47.6,8.964285714285714
46985,2019-04-19,28.8,3.7068062827225132
54621,2022-05-12,7.4,1.2
46582,2021-02-05,154.8,51.301310043668124
2142975767,2021-05-03,1865.0,142.64912280701753
1885068271,2021-08-19,58.8,9.0
1397725780,2022-07-16,131.8,36.18181818181818
1995299861,2021-05-27,311.0,60.0625
56978,2020-04-25,30.0,2.5384615384615383
2049057075,2021-10-12,84.4,41.0
821995749,2020-07-11,72.4,16.89622641509434
85132,2020-05-07,12.0,5.015384615384615
50230,2023-01-03,6.4,1.0
1019281687,2021-07-14,220.0,38.708333333333336
2022759385,2021-12-20,88.4,14.0
106776,2022-08-29,9.6,4.5
349526,2022-09-13,92.4,5.333333333333333
1466075405,2022-01-27,117.0,29.4
80460,2021-10-31,631.6,78.11904761904762
633107526,2023-02-14,67.0,13.666666666666666
1178235886,2022-02-28,15.0,2.6842105263157894
1603880579,2021-06-08,85.4,37.833333333333336
1607683827,2023-02-12,28.6,1.0
1392116613,2021-05-22,240.8,59.30927835051546
189812,2022-05-10,282.6,11.6
186134,2022-09-16,17.0,1.0
1709856806,2022-06-26,55.4,26.0
129444,2022-05-15,29.8,8.792857142857143
62416,2021-04-29,8.2,2.230769230769231
182452,2022-08-22,87.0,1.0
237734,2021-07-02,24.0,11.644144144144144
62849591,2020-01-21,79.6,3.2235649546827796
2006041008,2021-05-12,157.6,11.765765765765765
1914009337,2021-04-15,77.8,1.5
463551580,2020-04-25,32.6,2.0
606467801,2020-07-01,6.2,1.1666666666666667
133626,2021-05-30,151.0,22.936507936507937
297537,2022-05-16,36.0,7.292517006802721
978568189,2020-08-18,17.8,4.3
413973313,2020-04-02,242.6,6.779467680608365
232592,2020-07-25,115.6,15.35483870967742
551169972,2020-05-08,286.0,7.331950207468879
1430177515,2022-01-15,62.0,27.25
294971673,2020-03-06,84.0,3.505050505050505
1134754849,2020-09-10,278.8,17.37410071942446
1869583635,2021-04-09,211.6,68.81481481481481
752173492,2022-08-11,27.4,3.0
626421007,2021-04-04,310.6,64.42748091603053
42986,2020-09-01,117.2,14.953846153846154
460126189,2020-04-19,84.6,16.82
949354082,2022-05-02,164.8,2.0
836613097,2020-07-21,56.6,6.379110251450677
1392142494,2021-01-25,11.2,3.760180995475113
626011484,2021-09-29,63.6,14.0
1326445634,2022-05-15,31.0,8.359712230215827
150457,2019-08-25,9.8,2.460674157303371
1583260,2022-01-05,9.8,2.0
339325,2022-04-23,69.0,8.0
132522,2020-07-27,50.0,5.188888888888889
405220602,2020-04-04,31.6,5.315789473684211
140761,2020-07-20,141.8,45.63970588235294
221503039,2021-04-15,7.2,1.4545454545454546
2052952045,2022-07-26,154.4,66.66666666666667
1570656158,2022-12-13,89.6,26.5
1995325931,2021-10-07,125.4,33.544871794871796
59446,2021-04-29,25.4,7.6
48580,2019-07-07,94.2,7.586206896551724
458183426,2020-04-18,24.4,1.5779816513761469
1401539348,2021-03-13,5.2,2.1714285714285713
1392164660,2021-07-14,776.8,96.63829787234043
127695,2022-10-02,7.6,2.1515151515151514
1599453163,2021-05-06,356.4,23.71794871794872
2004961675,2021-04-09,162.2,49.13333333333333
129463785,2020-02-13,268.2,9.352941176470589
316825,2019-10-10,57.0,2.8703703703703702
188632,2019-07-17,71.6,11.76
1494402178,2021-04-11,185.6,53.44444444444444
803754573,2020-07-16,66.0,9.274725274725276
183531,2019-07-21,18.6,9.054347826086957
1542755382,2021-05-13,127.6,48.21875
1066824487,2022-04-06,62.0,18.0
469182,2022-05-05,20.2,2.2857142857142856
807743785,2021-06-04,31.8,10.931034482758621
729880215,2020-07-29,34.0,2.462068965517241
211133440,2022-04-07,11.8,1.0
1602600535,2021-05-13,134.4,53.6
1881604342,2021-04-15,145.4,41.0
1098321452,2020-08-30,173.6,15.068702290076336
1210484354,2020-09-21,81.0,21.5
1061078628,2020-08-28,294.8,39.02923976608187
91579,2021-01-15,72.6,33.19090909090909
605669054,2020-05-28,9.4,1.4326923076923077
1392279714,2022-01-28,174.0,24.666666666666668
2015441497,2021-09-28,254.4,38.861111111111114
1992388212,2021-04-29,88.0,7.25
2008073453,2021-04-06,564.4,124.5
713737733,2022-09-30,139.4,41.0
939953042,2020-08-27,5.0,2.2974683544303796
86384,2020-04-25,34.2,2.909090909090909
42009,2023-03-04,21.0,2.0
577005232,2022-06-02,148.8,43.75
1393229766,2021-02-20,5.8,2.1951219512195124
1843572129,2021-05-19,117.8,41.0
2142866301,2021-05-04,633.4,92.24242424242425
804524527,2021-08-09,34.0,16.5
804058586,2020-07-21,199.6,21.75418994413408
42199,2022-07-12,100.6,19.4
90873,2021-04-13,7.4,1.7407407407407407
559720920,2020-05-09,49.4,24.204301075268816
221639,2021-03-25,5.0,1.6428571428571428
121950225,2020-02-11,69.6,4.450617283950617
2144950626,2021-05-15,218.0,101.87301587301587
494562761,2023-02-24,8.6,1.5
398169,2019-11-05,124.8,3.6042780748663104
1719859574,2022-05-27,169.0,35.5
1392110574,2021-01-23,300.6,36.16891891891892
455044,2020-02-18,85.8,22.38125
229959,2021-11-29,9.2,1.4615384615384615
229661,2019-07-23,68.0,32.68
103419,2022-06-26,17.2,7.806451612903226
124479,2021-01-13,292.6,45.2442748091603
1429045312,2021-06-08,65.6,24.866666666666667
550510797,2021-06-02,103.6,28.2
1067407074,2021-08-09,45.8,10.555555555555555
93394,2021-06-22,722.2,37.1764705882353
108311,2021-11-14,18.2,8.620192307692308
98799,2022-05-14,29.4,11.838709677419354
51901,2021-12-11,5.6,1.8333333333333333
90503672,2021-03-25,6.0,1.7272727272727273
257192289,2020-04-08,191.6,18.372093023255815
360998,2019-10-26,18.2,2.6923076923076925
1474555189,2021-08-13,94.6,30.058823529411764
65069707,2020-01-23,52.8,15.757575757575758
1449751589,2021-02-01,148.2,6.0
699102609,2020-06-03,49.6,13.333333333333334
43494,2021-11-29,20.6,6.149797570850202
2010035916,2021-06-15,184.2,66.93333333333334
303175473,2020-04-12,311.4,43.729007633587784
229593,2021-05-17,71.8,24.142857142857142
317990,2019-09-29,89.2,28.775510204081634
1392208015,2021-05-03,607.8,121.23622047244095
165324,2022-12-12,5.6,2.1785714285714284
838693885,2020-07-14,7.2,2.4782608695652173
110626,2021-01-14,167.8,22.362903225806452
1880448511,2021-04-17,81.2,16.266666666666666
76085030,2021-12-23,15.6,1.4
199978616,2022-10-03,19.6,1.0
1601970032,2021-02-19,234.0,94.96174863387978
248219,2019-08-29,39.0,2.436619718309859
738859566,2020-06-17,150.6,9.855524079320114
1392199922,2023-01-18,91.4,1.0
82486,2022-08-16,28.2,1.0
279595,2019-09-14,65.6,30.787401574803148
2029190328,2021-06-30,278.6,55.57692307692308
1929924528,2021-05-23,237.6,6.794871794871795
222756,2019-07-23,198.6,2.4592901878914404
445105,2023-02-06,8.4,2.5
1392109441,2021-10-14,206.4,29.35175879396985
559980101,2020-05-14,63.4,29.869565217391305
206102,2022-08-19,8.8,2.25
140771,2020-06-16,54.8,8.486842105263158
139942847,2020-08-12,26.0,3.691780821917808
127807,2022-12-17,181.4,6.703703703703703
2145773312,2021-05-06,1135.8,272.4375
302566742,2022-09-22,2734.4,632.7263157894737
2144503325,2021-05-11,1089.0,126.33333333333333
132226,2021-12-02,123.8,32.7
398534,2019-11-11,24.6,4.5
278699,2022-03-18,457.0,43.666666666666664
1287149244,2020-10-07,116.2,36.0
555413747,2020-05-12,28.8,7.57085020242915
53725,2020-08-08,95.6,14.915254237288135
151354,2019-06-17,12.6,5.5
739496918,2021-07-04,177.2,49.714285714285715
1607671361,2021-02-22,237.2,41.388888888888886
1458075629,2021-05-01,367.4,70.88709677419355
136269,2022-08-18,21.4,9.958762886597938
134595,2023-01-11,160.0,2.0
13947484,2020-04-13,39.0,3.516962843295638
1534012971,2021-02-20,29.8,8.714285714285714
315076,2019-10-08,110.2,8.63125
1291041954,2021-12-14,130.4,27.5
1928846723,2021-04-05,1486.2,23.535714285714285
220288062,2020-03-04,61.8,19.941414141414143
103081,2020-04-06,369.0,53.294520547945204
161584,2019-06-18,219.8,3.6686507936507935
47712,2019-07-19,20.2,8.642857142857142
124334,2021-03-25,182.0,69.58490566037736
201067,2022-08-08,523.6,2.130434782608696
2143062952,2021-05-17,785.6,60.52
1482511678,2021-02-05,4573.8,214.22448979591837
1910211642,2021-04-01,327.4,47.228070175438596
478340,2020-01-07,18.2,1.6894586894586894
1393576525,2021-04-18,850.8,49.01639344262295
2005089501,2021-04-16,288.6,53.25
1712165952,2021-06-04,233.4,108.68478260869566
1309492383,2021-12-15,143.6,46.1
140386,2022-05-15,38.0,7.779310344827586
141427,2020-09-15,171.6,44.78181818181818
1871233211,2022-09-10,180.6,26.555555555555557
98218614,2020-04-08,22.4,1.803088803088803
177342,2023-02-21,6.0,2.0
1289809457,2020-10-06,97.4,9.566666666666666
2115423210,2021-05-12,617.2,45.42424242424242
42110,2019-04-23,58.8,7.797101449275362
1878084288,2021-10-07,44.6,6.0
1397468868,2021-05-05,223.6,34.125
230817,2019-08-19,5.4,1.8428571428571427
243283,2019-08-21,18.2,6.464285714285714
490145752,2021-03-25,5.0,1.375
170861,2019-07-02,14.4,2.25
1059343200,2020-08-25,175.2,22.129943502824858
1988994339,2021-04-12,285.4,59.51851851851852
738783766,2020-06-19,31.4,14.061797752808989
1582769616,2021-02-11,112.0,5.372448979591836
314946,2022-05-15,41.2,8.58
1249731442,2023-02-06,40.6,4.846153846153846
649287180,2021-04-15,207.4,32.01204819277108
605894070,2021-03-25,5.0,1.6923076923076923
133744,2021-11-13,18.0,8.182692307692308
1709779604,2021-04-11,676.8,93.25
86290,2022-05-16,38.8,8.815068493150685
2146034945,2021-06-15,167.6,46.69230769230769
660807428,2020-05-24,193.8,2.7153846153846155
761972503,2020-06-17,22.8,5.208333333333333
43233,2019-08-25,418.4,2.479381443298969
57112,2021-06-04,110.2,46.25925925925926
150458,2021-11-08,13.0,5.333333333333333
47439,2022-12-20,16.6,2.3333333333333335
189110,2019-07-06,133.8,15.855072463768115
1392250257,2021-04-07,224.8,51.32
288327,2022-04-05,6.6,3.230769230769231
2121872532,2021-05-17,519.6,23.037037037037038
349527,2023-03-01,12.0,2.0
188710,2019-07-20,151.8,2.260215053763441
455122,2020-04-25,29.4,2.0454545454545454
1987133047,2021-06-27,29.0,5.0
1744275197,2021-05-17,54.8,2.316326530612245
219267,2021-04-14,10.6,4.188888888888889
330722008,2020-03-25,72.4,9.608910891089108
266215,2021-05-06,57.0,21.2
2107181945,2021-07-08,46.6,11.789333333333333
187717190,2022-08-05,45.0,1.5
1721901054,2022-02-05,22.2,2.0
325066,2020-09-19,5.4,1.3333333333333333
142744438,2020-02-12,12.6,5.094086021505376
330581852,2020-03-17,51.6,12.195121951219512
222152,2022-10-02,15.0,3.027027027027027
301836,2022-02-16,28.0,9.917948717948718
1991027921,2021-04-14,1269.4,184.24242424242425
607393144,2020-05-30,77.2,21.18709677419355
1364463100,2022-05-15,26.2,7.054054054054054
331692,2022-09-30,105.6,14.0
423822834,2020-04-09,158.6,5.117486338797814
316431,2019-10-10,44.4,4.512643678160919
1392604146,2021-05-04,172.0,81.09876543209876
1393720360,2021-12-18,32.8,16.233050847457626
42358,2023-02-15,37.2,11.5
299657,2022-07-06,41.8,6.903225806451613
902532552,2022-05-10,7.2,2.625
1836594230,2021-12-10,281.0,139.0
372475,2019-10-22,57.6,19.677419354838708
84137,2019-05-27,23.0,5.0
48338,2019-07-20,72.6,3.5173824130879345
125054,2022-01-25,172.8,5.541666666666667
1412640700,2023-02-16,67.4,1.0
127419859,2020-02-06,285.6,23.263157894736842
2147476217,2021-06-09,1068.0,115.63157894736842
243243,2023-01-07,32.6,2.411764705882353
470900,2021-03-25,6.0,1.5625
1922315360,2021-03-30,558.6,73.81818181818181
81142,2021-03-25,52.6,2.6
159089,2020-06-05,37.2,15.0625
430376,2019-12-31,6.6,2.5
194782,2022-04-28,117.2,56.0
226132,2021-03-25,5.0,1.3846153846153846
1247470326,2020-10-13,46.0,8.112676056338028
1393160937,2021-03-25,11.4,5.167608286252354
1756847865,2021-04-04,176.4,38.1875
130773859,2020-02-07,26.4,6.375
150257,2021-09-01,460.2,185.0
1471578470,2021-04-17,126.6,56.0
432681,2019-11-23,255.0,4.976190476190476
1167784048,2020-09-20,1165.4,138.35106382978722
1503843876,2022-09-09,59.0,1.3333333333333333
109607209,2020-02-27,15.2,4.348432055749129
2143232540,2021-05-03,554.8,58.86842105263158
167949,2021-10-31,13.0,1.8571428571428572
1392132703,2021-01-30,37.8,10.134146341463415
266718,2022-12-17,45.4,2.2142857142857144
1392123433,2021-04-18,159.0,54.014925373134325
46558,2020-05-02,190.4,56.49624060150376
1519214703,2022-01-26,45.4,1.0
49590,2019-08-14,27.4,9.156626506024097
2143164179,2021-05-03,926.4,65.62295081967213
1478242793,2021-04-15,224.2,97.66666666666667
457074,2021-05-03,6.8,1.4444444444444444
201865,2021-11-15,43.4,15.993846153846153
131631,2022-08-13,7.2,1.25
1139878384,2020-09-10,20.4,2.0277777777777777
260455,2022-07-02,7.8,2.4375
801918657,2022-09-12,69.4,13.0
230245,2019-08-14,39.0,16.774193548387096
455736,2020-03-19,13.8,5.491803278688525
1401516005,2021-02-21,9.8,2.675675675675676
546710557,2022-07-25,8.8,2.4285714285714284
1396316445,2022-09-07,196.6,48.0
142686,2019-07-21,27.2,5.636363636363637
225680075,2020-02-21,284.8,2.593220338983051
52859,2020-04-13,270.4,40.486301369863014
1265873883,2020-09-28,10.6,1.0
295117469,2022-08-14,10.0,1.0
540783,2020-01-09,355.2,5.388101983002833
297382,2019-10-05,21.0,6.65
519433291,2020-07-31,60.2,16.136363636363637
143160,2019-10-26,8.0,2.185185185185185
403963230,2022-01-01,71.8,19.9
232869,2021-03-25,7.0,1.54
161072,2022-12-14,18.2,2.8055555555555554
140769,2020-03-13,281.6,32.396946564885496
157465,2022-12-17,56.0,3.8095238095238093
1468061232,2021-04-17,607.2,121.85714285714286
138771,2022-12-17,11.6,3.1136363636363638
189974,2021-12-07,34.2,3.125
473707165,2021-01-20,109.4,48.701149425287355
174809,2022-08-24,16.0,1.0
434404,2022-12-24,43.8,1.0
1417340071,2021-09-17,14.0,3.391304347826087
263044044,2020-02-27,134.8,13.439597315436242
730618533,2020-07-24,22.0,10.39375
247521,2021-05-02,21.6,9.317848410757946
125385917,2020-03-05,50.6,10.119686800894854
501171503,2021-09-15,8.0,2.2127659574468086
288203,2019-09-07,15.0,3.21875
819670223,2020-08-05,76.4,10.364779874213836
133733,2022-03-09,42.0,9.94186046511628
277799,2019-09-11,258.4,15.823275862068966
1235574242,2021-11-05,196.4,77.40764331210191
1878041047,2021-04-04,294.4,69.04166666666667
2143273694,2021-05-04,299.6,58.93103448275862
501341904,2020-04-28,39.4,12.3
1293011846,2020-10-09,73.8,27.04225352112676
51009,2021-10-17,182.4,14.517391304347827
2145881273,2021-05-10,669.6,134.33333333333334
399815736,2020-04-03,142.0,24.78191489361702
463890738,2020-04-21,64.4,2.16260162601626
398506229,2020-04-03,323.2,42.40074211502783
187713643,2022-05-31,76.8,2.2
1484263527,2021-02-03,77.4,23.555555555555557
1393267083,2021-01-22,55.2,26.495575221238937
1868816483,2021-11-15,50.2,14.166666666666666
432562,2019-11-22,879.2,28.507022471910112
2142906870,2021-05-03,2781.2,78.74137931034483
615681119,2021-06-27,112.2,50.666666666666664
1990410579,2021-04-07,375.6,110.5
706357348,2020-06-08,103.6,12.041666666666666
2142927085,2021-05-03,945.6,192.8860759493671
57979,2021-05-30,15.2,6.784722222222222
310430,2019-10-03,76.2,13.902127659574468
276281,2021-08-02,77.0,1.4
1008907951,2020-08-17,12.0,1.6645569620253164
309526,2019-09-22,64.2,6.905529953917051
1711588161,2021-06-30,62.8,3.43609022556391
261720934,2021-10-16,5.0,2.0923076923076924
387725,2021-07-19,18.0,8.24223602484472
498188244,2020-04-25,102.4,2.8744769874476988
297951,2021-11-14,17.0,8.154639175257731
577546463,2020-05-06,65.8,5.506382978723404
226900586,2021-12-10,22.6,4.0
2069907870,2021-05-21,109.8,54.55555555555556
290009921,2020-03-10,497.0,12.015873015873016
1013998213,2020-08-12,11.8,4.366906474820144
556998976,2020-05-10,68.2,1.8303571428571428
2008695616,2021-05-13,91.0,31.5
1396838014,2021-12-23,68.2,8.96551724137931
68075147,2021-03-01,15.8,7.304347826086956
1137915962,2020-09-09,155.0,17.291666666666668
29028516,2020-04-25,31.2,1.05
2001183170,2021-07-06,35.4,14.0
160415,2022-06-30,142.6,10.5
469063,2021-03-25,5.0,1.5238095238095237
1746607168,2021-03-01,179.8,17.708185053380785
2006634561,2021-04-13,493.2,115.47619047619048
1431044172,2021-12-27,69.4,16.5
183910,2019-09-09,21.6,4.771428571428571
60164,2020-09-07,81.6,31.416
131296,2021-04-17,6.8,1.492063492063492
312544,2022-05-16,31.0,7.5608108108108105
1600851273,2021-06-14,87.6,39.0
504118856,2022-09-14,58.4,25.0
105655,2019-07-13,450.0,17.865558912386707
1604583733,2022-08-01,37.8,12.0
2005225652,2021-04-12,716.6,102.8936170212766
371025298,2022-08-24,155.4,2.8
1584392846,2021-12-05,76.4,22.285714285714285
42036,2019-11-17,24.2,4.5
264553,2021-05-09,5.0,1.3137254901960784
42229,2019-05-25,5.0,1.3454545454545455
200657125,2021-05-07,5.4,1.391304347826087
2011303337,2022-02-16,78.0,2.6
155896,2021-04-29,5.6,1.52
127305,2020-04-03,5.8,1.8424242424242425
398567023,2022-07-09,74.0,15.5
1723065505,2022-09-08,121.6,1.0
1066390904,2022-06-08,24.2,1.0
49494,2020-05-08,69.6,17.625
1936889939,2021-08-12,54.0,12.0
170791,2022-10-03,73.6,25.5
100527452,2022-07-30,49.0,1.0
42575,2022-05-07,22.4,7.666666666666667
294682,2019-09-24,278.8,2.5639269406392695
1619260011,2021-05-09,106.8,46.125
134766113,2021-11-07,55.0,2.423076923076923
313646,2019-12-04,10.0,2.9019607843137254
1393955940,2021-06-27,200.0,40.54716981132076
982837551,2020-08-17,15.2,5.733333333333333
1057481110,2020-08-28,152.4,46.32947976878613
126779,2019-05-25,199.0,1.6830601092896176
110636,2020-05-06,344.0,46.63478260869565
2143243186,2021-05-03,615.8,76.08333333333333
2004801607,2021-04-16,1020.6,94.8108108108108
250510,2019-08-31,33.0,3.7065217391304346
1330598041,2021-10-11,74.6,6.4
2125197539,2022-08-05,12.6,2.0
131055,2021-04-07,31.4,9.898969072164949
49131,2021-06-28,50.0,15.428571428571429
1435164046,2022-04-24,102.8,38.0
656691984,2023-03-04,17.8,5.0
59666,2022-05-14,1213.2,88.46153846153847
689064910,2022-04-21,20.4,1.75
1721874706,2021-03-31,424.2,57.47826086956522
229072,2019-08-15,780.8,17.632558139534883
187718226,2022-08-09,135.2,35.0
1996696125,2021-04-16,435.6,57.214285714285715
55136,2019-05-26,36.8,7.452685421994885
961922235,2020-09-25,312.6,13.71774193548387
798508092,2020-06-30,200.8,8.895604395604396
231901,2020-04-25,31.0,1.391304347826087
958858203,2020-08-17,106.4,11.122302158273381
618630159,2020-06-11,21.6,1.9548611111111112
2012930672,2022-12-30,50.4,25.0
2145810847,2021-05-06,600.2,88.37777777777778
1393112824,2021-02-23,20.0,6.206896551724138
2122524967,2021-06-16,198.0,38.45454545454545
64430,2022-09-14,55.0,8.6
105965,2020-02-10,95.0,21.812765957446807
84747,2023-01-10,97.0,2.0
138319,2019-05-29,1875.0,6.284090909090909
2143001949,2021-05-03,690.6,45.857142857142854
127265,2020-04-27,140.2,35.20463847203274
48928,2019-08-30,91.0,10.916299559471366
862458490,2020-09-21,303.2,75.41935483870968
2000832285,2021-04-13,397.8,69.05555555555556
1828551090,2021-06-14,302.6,60.5
1498680748,2021-11-08,56.0,1.0
213131,2022-08-08,29.0,1.1666666666666667
326080354,2021-12-16,7.8,3.6914893617021276
1604855526,2021-05-31,139.2,36.333333333333336
318785,2021-10-15,42.2,17.666666666666668
127074,2019-05-29,147.0,38.764044943820224
1722045625,2021-05-04,270.6,60.73809523809524
82013,2022-08-20,95.2,8.247863247863247
129099,2021-12-31,87.0,3.0
65067694,2020-01-23,88.6,8.775510204081632
1365690258,2022-05-15,40.0,6.641379310344828
1401512396,2021-03-21,5.0,2.15
1019298931,2023-01-10,5.0,1.5
463584576,2020-04-25,33.4,1.0833333333333333
95631756,2021-03-25,5.0,1.45
604909336,2020-05-24,75.0,12.175
154368,2020-06-11,157.8,34.0
1394411701,2021-12-23,62.4,27.0
129575,2021-10-30,56.6,15.875
2023343946,2021-05-27,8.8,1.8529411764705883
1394380095,2022-03-03,304.4,64.21428571428571
42348,2021-04-03,18.0,8.68
605416629,2023-02-21,56.6,2.75
1612811269,2021-06-08,109.4,35.375
998300734,2020-08-17,350.8,27.945631067961166
93518,2022-08-27,48.4,1.0
299965828,2020-03-10,55.2,11.72972972972973
2142941935,2021-06-11,142.0,26.416666666666668
269538,2021-05-06,5.2,1.5660377358490567
291973,2022-05-20,35.6,8.158273381294965
1148056752,2021-04-28,162.0,40.0
1936607219,2021-04-14,402.2,12.382113821138212
1584392317,2021-02-11,97.8,8.504201680672269
239461,2020-04-25,39.0,5.5
1493946177,2021-12-13,49.4,11.428571428571429
49470,2020-08-24,318.0,101.42857142857143
426577,2019-11-11,148.4,4.0
107116,2019-08-22,104.0,33.57669902912621
584247739,2021-05-24,87.0,25.8
1469481332,2021-11-23,74.8,2.0
80327,2021-03-25,6.4,1.3103448275862069
356603,2021-04-12,5.8,1.9375
315072,2019-10-08,94.8,13.019607843137255
1770854501,2021-09-17,250.2,8.0
2042909294,2021-11-30,58.8,25.0
468323,2021-03-25,5.0,1.75
186124,2021-05-19,552.8,17.44578313253012
48475,2022-09-08,6.8,2.8333333333333335
84214,2021-04-15,7.2,3.2098765432098766
2053052049,2021-05-18,159.8,59.10526315789474
479444789,2020-04-26,6.6,2.195571955719557
2004982700,2021-04-16,349.2,88.23255813953489
2000850249,2021-04-15,169.2,29.555555555555557
263064785,2020-02-24,234.4,17.442687747035574
1872907693,2021-04-06,353.8,48.08888888888889
432845,2019-11-20,55.4,9.153846153846153
557482593,2020-04-30,24.4,3.925
418598785,2021-09-13,7.4,2.0412371134020617
738561266,2020-06-11,178.6,14.571428571428571
1466349695,2021-05-28,318.8,86.77391304347826
314837,2019-09-26,265.6,10.262569832402235
1227775277,2020-09-20,19.4,1.1515151515151516
1419525173,2022-02-07,96.0,11.75
723669971,2022-08-01,3097.4,200.84615384615384
839793518,2021-07-31,73.4,30.5
799393389,2020-07-08,238.4,26.1218487394958
1254377974,2020-09-24,407.6,41.85436893203884
145279,2023-01-22,54.2,1.0
53188,2022-08-21,18.0,2.0
426800,2019-12-06,53.4,7.086956521739131
2142961666,2023-02-14,6.6,3.0
189895138,2020-02-12,405.2,9.188888888888888
138976,2019-06-05,83.2,13.981481481481481
1150347883,2020-10-01,14.0,4.640350877192983
229108,2019-07-23,147.6,22.033333333333335
478566254,2023-02-05,45.8,3.3333333333333335
1470622381,2021-04-18,461.8,61.833333333333336
264209,2021-05-06,5.0,1.4782608695652173
470487,2021-07-22,5.0,1.4615384615384615
54030,2022-05-17,35.2,7.462585034013605
299105,2022-05-15,29.6,7.5
61152,2023-02-16,42.4,1.0
41374,2020-04-28,27.4,1.6495327102803738
605858104,2020-05-29,250.4,32.05755395683453
1404094011,2022-01-04,10.2,2.4571428571428573
272535,2022-04-11,7.0,3.466666666666667
344613,2019-10-17,11.6,4.195121951219512
178239,2020-02-26,77.8,12.838709677419354
606375175,2020-05-31,220.2,8.771300448430493
768559707,2022-03-31,53.0,6.6
2004702595,2021-04-15,395.4,30.4375
1375414451,2021-01-14,54.6,2.028985507246377
2077104734,2021-04-15,225.2,40.458333333333336
209410,2022-08-20,16.6,1.5
2145836906,2021-05-10,700.4,87.86111111111111
462146,2020-02-19,57.6,9.717791411042946
1570065115,2021-04-13,211.0,68.75
1444873229,2022-04-19,57.4,28.0
944195892,2020-07-24,10.6,1.1140939597315436
408735,2019-11-05,48.2,5.756756756756757
298237375,2020-03-11,87.8,17.555555555555557
1410028636,2021-02-26,6.2,2.3783783783783785
299670,2023-01-16,27.8,6.756756756756757
523738787,2020-05-04,58.0,11.74390243902439
177688,2019-09-24,387.4,26.71034482758621
203837,2022-07-26,27.6,10.74757281553398
1720011228,2021-04-03,258.0,39.79032258064516
1396178310,2021-05-20,23.8,6.792592592592593
358218,2019-10-25,19.0,3.5
702717259,2020-06-05,120.0,10.050228310502282
131521860,2020-01-28,162.0,18.60103626943005
311442,2020-04-23,37.0,3.3333333333333335
233170,2022-05-17,66.0,11.277027027027026
525293094,2020-04-24,18.6,3.7651821862348176
2115109142,2021-04-29,700.2,71.63157894736842
140426,2022-12-15,186.0,19.25
633148801,2021-03-25,6.0,1.6666666666666667
2145255142,2021-05-18,485.4,29.794117647058822
232079768,2021-09-19,655.4,85.87894736842105
2143014656,2021-05-04,1093.6,59.23809523809524
126940,2019-05-23,28.0,4.28
44945,2022-10-08,148.0,6.571428571428571
1394383286,2022-09-28,54.0,17.0
143763,2022-02-21,114.4,39.166666666666664
290269,2019-12-04,35.6,6.466666666666667
468885,2020-02-03,48.0,16.757575757575758
1243962988,2020-10-09,68.6,3.0657894736842106
1370632061,2021-02-26,5.6,2.375
112430,2020-09-09,89.8,43.53846153846154
78463,2020-06-28,271.0,50.578125
1297325,2021-01-22,22.8,3.8059701492537314
1158979047,2021-03-09,14.0,1.8865979381443299
298691,2020-08-01,7.2,3.308080808080808
1056419026,2020-09-01,60.6,4.773913043478261
404888751,2020-04-03,99.2,7.996282527881041
132268,2019-08-29,244.0,5.344827586206897
441172,2019-12-11,36.2,13.482758620689655
1401539787,2021-02-27,5.2,1.9743589743589745
313494,2021-09-07,40.8,8.986547085201794
1194831154,2020-10-11,45.8,15.125
1120423632,2021-12-07,25.8,7.5
415632239,2023-01-16,99.8,5.0
498542468,2021-03-25,5.0,1.4285714285714286
49466,2019-07-14,44.8,11.181818181818182
86919,2022-01-20,114.6,42.9375
95879,2023-02-23,5.4,2.0
436187,2022-12-26,73.2,27.0
136465192,2021-04-04,124.0,61.87719298245614
1990734362,2021-07-28,213.2,50.111111111111114
243317,2019-08-30,68.4,11.702127659574469
208950,2022-06-03,32.6,1.125
2005029047,2021-04-16,308.2,67.63636363636364
431790,2020-03-12,12.0,3.5017182130584192
67487,2019-05-07,29.0,2.08974358974359
183069,2022-08-16,48.8,20.333333333333332
218201099,2021-03-25,5.0,2.2
166614,2019-07-09,9.0,2.4
309718,2021-12-08,7.8,3.402439024390244
2117905351,2021-07-26,179.4,29.714285714285715
90727,2022-09-19,55.8,1.0
434446338,2022-09-28,16.0,3.86
1409737630,2021-02-15,278.6,20.711111111111112
328295,2022-08-22,36.6,1.3333333333333333
81240,2020-04-02,292.6,20.661016949152543
141734,2020-09-06,884.0,16.091954022988507
2035568887,2021-05-15,198.2,59.86
1393558722,2021-02-06,32.8,15.175141242937853
1135283254,2020-09-16,166.6,31.238805970149254
1856178179,2021-08-28,106.8,37.074074074074076
812060078,2021-11-24,767.6,77.45454545454545
605464556,2020-06-01,25.6,12.444444444444445
129160,2023-01-08,756.0,86.0
1443294465,2022-07-29,50.2,18.013698630136986
1404498258,2021-06-19,217.6,3.253623188405797
52038,2022-12-12,889.2,36.3
42101,2019-04-24,251.4,9.981191222570533
465145250,2020-04-21,55.8,5.916666666666667
243298,2019-08-18,40.2,3.6785714285714284
58608,2022-04-02,91.2,44.0
2024813897,2021-05-05,410.4,6.25
1205818279,2022-01-31,26.4,5.0
73465,2021-05-20,329.4,36.6875
334916558,2020-03-20,35.6,13.063492063492063
54087,2019-05-28,6.2,1.3818181818181818
2005217562,2021-04-13,454.6,125.11111111111111
330358975,2020-03-20,116.6,11.514156285390714
307952132,2020-04-28,14.0,2.0084745762711864
1395922311,2021-01-25,5.0,1.0172413793103448
278315,2019-09-25,72.6,7.819004524886878
95131,2020-10-13,215.4,62.714285714285715
280132887,2021-05-06,6.4,2.0869565217391304
358556,2019-10-21,41.2,19.357142857142858
126826,2019-05-29,1078.2,18.009416195856875
657743037,2021-04-02,5.2,1.3333333333333333
1894748683,2021-05-12,31.4,7.676470588235294
64467,2022-06-26,5.6,2.4482758620689653
1421425549,2022-02-12,20.8,2.5294117647058822
1922632104,2021-06-16,197.2,59.36363636363637
521183882,2020-04-25,355.4,12.870445344129555
947460241,2021-09-03,103.6,33.2
2143177729,2021-05-03,817.0,45.0
92240,2021-05-05,112.0,21.166666666666668
1853374889,2021-12-06,56.4,14.01968503937008
744526885,2023-01-27,62.2,23.5
143882,2022-08-13,91.2,19.25
1582916909,2022-08-12,6.6,3.0
2135281224,2022-03-17,60.6,5.5
166743,2022-12-17,9.4,2.25
1401519443,2021-03-03,8.0,2.5675675675675675
1140721673,2022-08-02,48.4,20.5
98601,2019-05-23,16.4,1.0946969696969697
305787722,2020-05-08,17.2,3.579646017699115
1396143623,2021-08-04,33.2,3.732590529247911
799905425,2020-07-13,110.4,33.48148148148148
98960,2022-08-13,30.4,1.0
2143147625,2021-05-13,321.4,48.791044776119406
1392118036,2021-01-19,80.6,38.732394366197184
178920,2022-12-25,46.4,2.2142857142857144
571478831,2020-05-15,273.4,7.468181818181818
405158685,2021-07-15,107.4,39.266666666666666
296550,2022-05-15,29.4,7.013888888888889
273000604,2021-05-04,8.6,1.58
413721,2023-01-18,33.0,2.0
232180751,2020-02-19,116.6,1.7392739273927393
147084,2022-04-23,236.8,46.8
43919,2021-03-25,284.8,16.625
43789,2021-03-11,162.0,39.46875
1392247022,2021-01-23,84.4,14.26
661880437,2023-02-27,6.2,2.0
358460,2019-10-28,66.4,15.37410071942446
83916,2022-07-12,6.2,3.026315789473684
347763,2019-10-16,167.8,12.96875
1392166397,2021-07-09,32.6,8.62987012987013
79748,2019-05-22,59.6,2.562977099236641
125347,2021-02-23,83.0,39.20224719101124
124744,2021-05-10,342.6,11.762295081967213
88244463,2021-04-07,443.0,79.48837209302326
473618750,2020-04-23,119.2,6.7313829787234045
88711,2019-05-15,134.6,12.964467005076141
127536,2019-06-17,57.8,3.019120458891013
334908625,2020-03-11,158.8,23.74
2010498621,2021-11-16,76.8,1.0
203997,2022-05-17,23.8,6.979591836734694
445706,2020-08-19,33.0,9.818181818181818
316500,2019-10-10,123.2,19.597014925373134
783781995,2020-06-23,42.2,1.1348314606741574
173929,2022-10-08,12.6,3.7555555555555555
