a_id,status
545,error:OperationalError
787,error:OperationalError
39033,error:OperationalError
1902,error:OperationalError
184691,error:OperationalError
2142870385,error:OperationalError
2531,error:OperationalError
1274,error:OperationalError
2600,error:OperationalError
682,error:OperationalError
734194786,error:OperationalError
181,error:OperationalError
1392111766,error:OperationalError
39113,error:OperationalError
471284,error:OperationalError
19369,error:OperationalError
605967102,error:OperationalError
10335,error:OperationalError
2143002309,error:OperationalError
3072,error:OperationalError
8851,error:OperationalError
3401,error:OperationalError
3374,error:OperationalError
2122450336,error:OperationalError
707,error:OperationalError
1101,error:OperationalError
95,error:OperationalError
86160,error:OperationalError
25,error:OperationalError
491,error:OperationalError
412,error:OperationalError
788,error:OperationalError
935065722,error:OperationalError
3265,error:OperationalError
363,error:OperationalError
5893,error:OperationalError
10111,error:OperationalError
835774316,error:OperationalError
5,error:OperationalError
4487,error:OperationalError
3614,error:OperationalError
25381,error:OperationalError
2142878670,error:OperationalError
42,error:OperationalError
2146,error:OperationalError
462262,error:OperationalError
28498,error:OperationalError
929358148,error:OperationalError
35,error:OperationalError
939,error:OperationalError
2135,error:OperationalError
137,error:OperationalError
953,error:OperationalError
52,error:OperationalError
4950,error:OperationalError
74,error:OperationalError
3677,error:OperationalError
5734,error:OperationalError
2,error:OperationalError
242952,error:OperationalError
66,error:OperationalError
5411,error:OperationalError
676,error:OperationalError
611,error:OperationalError
46,error:OperationalError
708522625,error:OperationalError
1907,error:OperationalError
1653,error:OperationalError
5745,error:OperationalError
664868651,error:OperationalError
2123295900,error:OperationalError
3377,error:OperationalError
250,error:OperationalError
1615,error:OperationalError
319,error:OperationalError
138,error:OperationalError
161740595,error:OperationalError
254,error:OperationalError
115,error:OperationalError
304,error:OperationalError
1118,error:OperationalError
1588,error:OperationalError
384,error:OperationalError
488,error:OperationalError
8874,error:OperationalError
22913,error:OperationalError
1418,error:OperationalError
22223,error:OperationalError
1654,error:OperationalError
273736,error:OperationalError
3350,error:OperationalError
731,error:OperationalError
2142862748,error:OperationalError
520,error:OperationalError
2903,error:OperationalError
528,error:OperationalError
4884,error:OperationalError
2560,error:OperationalError
3309,error:OperationalError
2769,error:OperationalError
377,error:OperationalError
29,error:OperationalError
1392206068,error:OperationalError
2143015613,error:OperationalError
79,error:OperationalError
13384,error:OperationalError
314,error:OperationalError
13501,error:OperationalError
1096169339,error:OperationalError
486116822,error:OperationalError
2077,error:OperationalError
16052,error:OperationalError
61,error:OperationalError
43,error:OperationalError
110,error:OperationalError
381,error:OperationalError
163,error:OperationalError
8177,error:OperationalError
62558686,error:OperationalError
54,error:OperationalError
174,error:OperationalError
3297,error:OperationalError
47,error:OperationalError
188,error:OperationalError
53,error:OperationalError
23990,error:OperationalError
2122514680,error:OperationalError
73,error:OperationalError
101,error:OperationalError
2138,error:OperationalError
499,error:OperationalError
248,error:OperationalError
686,error:OperationalError
1392117675,error:OperationalError
3587,error:OperationalError
5728,error:OperationalError
4650,error:OperationalError
1387,error:OperationalError
492,error:OperationalError
137370,error:OperationalError
24894,error:OperationalError
167,error:OperationalError
4088,error:OperationalError
2142879863,error:OperationalError
3218,error:OperationalError
337,error:OperationalError
2142869398,error:OperationalError
49,error:OperationalError
138291,error:OperationalError
16,error:OperationalError
187,error:OperationalError
57,error:OperationalError
1447,error:OperationalError
51,error:OperationalError
44,error:OperationalError
4940,error:OperationalError
10680,error:OperationalError
9342,error:OperationalError
136,error:OperationalError
294723,error:OperationalError
4619,error:OperationalError
554,error:OperationalError
32,error:OperationalError
177700,error:OperationalError
40,error:OperationalError
10,error:OperationalError
502,error:OperationalError
50,error:OperationalError
245,error:OperationalError
4886,error:OperationalError
2911,error:OperationalError
117,error:OperationalError
192,error:OperationalError
753,error:OperationalError
1656,error:OperationalError
10708,error:OperationalError
990,error:OperationalError
224157523,error:OperationalError
889,error:OperationalError
31269,error:OperationalError
878445230,error:OperationalError
262,error:OperationalError
711,error:OperationalError
1774,error:OperationalError
23134,error:OperationalError
1403,error:OperationalError
639,error:OperationalError
542,error:OperationalError
16878,error:OperationalError
486,error:OperationalError
6402,error:OperationalError
31,error:OperationalError
